USE [ONLINETEST]
GO
/****** Object:  Table [dbo].[ACTIONS]    Script Date: 8/10/2020 7:39:37 PM ******/
SET ANSI_NULLS ON
GO
SET QUOTED_IDENTIFIER ON
GO
CREATE TABLE [dbo].[ACTIONS](
	[ACT_ID] [int] IDENTITY(1,1) NOT NULL,
	[ACT_NAME] [nvarchar](150) NOT NULL,
	[ACT_STATUS] [int] NULL,
	[ACT_CODE] [varchar](100) NULL,
PRIMARY KEY CLUSTERED 
(
	[ACT_ID] ASC
)WITH (PAD_INDEX = OFF, STATISTICS_NORECOMPUTE = OFF, IGNORE_DUP_KEY = OFF, ALLOW_ROW_LOCKS = ON, ALLOW_PAGE_LOCKS = ON) ON [PRIMARY]
) ON [PRIMARY]
GO
/****** Object:  Table [dbo].[ANSWER_TYPES]    Script Date: 8/10/2020 7:39:37 PM ******/
SET ANSI_NULLS ON
GO
SET QUOTED_IDENTIFIER ON
GO
CREATE TABLE [dbo].[ANSWER_TYPES](
	[ANTY_ID] [int] IDENTITY(1,1) NOT NULL,
	[ANTY_NAME] [nvarchar](100) NOT NULL,
	[ANTY_ORDER] [int] NULL,
	[ANTY_SAMPLE] [ntext] NULL,
	[ANTY_ISDELETED] [bit] NULL,
	[ANTY_STATUS] [int] NULL,
	[ANTY_CREATEDBY] [bigint] NULL,
	[ANTY_CREATEDDATE] [datetime] NULL,
	[ANTY_MODIFIEDBY] [bigint] NULL,
	[ANTY_MODIFIEDDATE] [datetime] NULL,
PRIMARY KEY CLUSTERED 
(
	[ANTY_ID] ASC
)WITH (PAD_INDEX = OFF, STATISTICS_NORECOMPUTE = OFF, IGNORE_DUP_KEY = OFF, ALLOW_ROW_LOCKS = ON, ALLOW_PAGE_LOCKS = ON) ON [PRIMARY]
) ON [PRIMARY] TEXTIMAGE_ON [PRIMARY]
GO
/****** Object:  Table [dbo].[BRANCHES]    Script Date: 8/10/2020 7:39:37 PM ******/
SET ANSI_NULLS ON
GO
SET QUOTED_IDENTIFIER ON
GO
CREATE TABLE [dbo].[BRANCHES](
	[BRA_ID] [int] IDENTITY(1,1) NOT NULL,
	[BRA_CODE] [varchar](20) NULL,
	[BRA_NAME] [nvarchar](255) NOT NULL,
	[BRA_ISDELETED] [bit] NULL,
	[BRA_STATUS] [int] NULL,
	[BRA_PARENT] [int] NULL,
	[BRA_CREATEDBY] [bigint] NULL,
	[BRA_CREATEDDATE] [datetime] NULL,
	[BRA_MODIFIEDBY] [bigint] NULL,
	[BRA_MODIFIEDDATE] [datetime] NULL,
	[BRA_ISPARENT] [bit] NULL,
	[BRA_DURATION] [float] NULL,
	[BRA_LEVEL] [int] NULL,
	[BRA_FACID] [int] NULL,
PRIMARY KEY CLUSTERED 
(
	[BRA_ID] ASC
)WITH (PAD_INDEX = OFF, STATISTICS_NORECOMPUTE = OFF, IGNORE_DUP_KEY = OFF, ALLOW_ROW_LOCKS = ON, ALLOW_PAGE_LOCKS = ON) ON [PRIMARY]
) ON [PRIMARY]
GO
/****** Object:  Table [dbo].[CLASSES]    Script Date: 8/10/2020 7:39:37 PM ******/
SET ANSI_NULLS ON
GO
SET QUOTED_IDENTIFIER ON
GO
CREATE TABLE [dbo].[CLASSES](
	[CLA_ID] [bigint] IDENTITY(1,1) NOT NULL,
	[CLA_CODE] [varchar](20) NULL,
	[CLA_NAME] [nvarchar](255) NULL,
	[CLA_CREATEDBY] [bigint] NULL,
	[CLA_CREATEDDATE] [datetime] NULL,
	[CLA_MODIFIEDBY] [bigint] NULL,
	[CLA_MODIFIEDDATE] [datetime] NULL,
	[CLA_STATUS] [int] NULL,
	[CLA_ISDELETED] [bit] NULL,
	[CLA_BRAID] [int] NOT NULL,
	[CLA_SCYEID] [int] NOT NULL,
PRIMARY KEY CLUSTERED 
(
	[CLA_ID] ASC
)WITH (PAD_INDEX = OFF, STATISTICS_NORECOMPUTE = OFF, IGNORE_DUP_KEY = OFF, ALLOW_ROW_LOCKS = ON, ALLOW_PAGE_LOCKS = ON) ON [PRIMARY]
) ON [PRIMARY]
GO
/****** Object:  Table [dbo].[EMPLOYEE_SUBJECTS]    Script Date: 8/10/2020 7:39:37 PM ******/
SET ANSI_NULLS ON
GO
SET QUOTED_IDENTIFIER ON
GO
CREATE TABLE [dbo].[EMPLOYEE_SUBJECTS](
	[EMSU_ID] [bigint] IDENTITY(1,1) NOT NULL,
	[EMSU_EMPID] [bigint] NOT NULL,
	[EMSU_SUBID] [bigint] NOT NULL,
	[EMSU_CREATEDBY] [bigint] NULL,
	[EMSU_CREATEDDATE] [datetime] NULL,
PRIMARY KEY CLUSTERED 
(
	[EMSU_ID] ASC
)WITH (PAD_INDEX = OFF, STATISTICS_NORECOMPUTE = OFF, IGNORE_DUP_KEY = OFF, ALLOW_ROW_LOCKS = ON, ALLOW_PAGE_LOCKS = ON) ON [PRIMARY]
) ON [PRIMARY]
GO
/****** Object:  Table [dbo].[EMPLOYEES]    Script Date: 8/10/2020 7:39:37 PM ******/
SET ANSI_NULLS ON
GO
SET QUOTED_IDENTIFIER ON
GO
CREATE TABLE [dbo].[EMPLOYEES](
	[EMP_ID] [bigint] IDENTITY(1,1) NOT NULL,
	[EMP_CODE] [varchar](50) NULL,
	[EMP_FIRSTNAME] [nvarchar](50) NOT NULL,
	[EMP_LASTNAME] [nvarchar](100) NOT NULL,
	[EMP_GENDER] [bit] NULL,
	[EMP_DATEOFBIRTH] [date] NULL,
	[EMP_PHONE] [varchar](15) NULL,
	[EMP_ADDRESS] [nvarchar](max) NULL,
	[EMP_EMAIL] [varchar](255) NULL,
	[EMP_AVATAR] [varchar](400) NULL,
	[EMP_CREATEDBY] [bigint] NULL,
	[EMP_CREATEDDATE] [datetime] NULL,
	[EMP_MODIFIEDBY] [bigint] NULL,
	[EMP_MODIFIEDDATE] [datetime] NULL,
	[EMP_USEID] [bigint] NOT NULL,
	[EMP_STATUS] [int] NULL,
	[EMP_ISDELETED] [bit] NULL,
	[EMP_FACID] [int] NULL,
	[EMP_IDENTITY] [varchar](50) NULL,
PRIMARY KEY CLUSTERED 
(
	[EMP_ID] ASC
)WITH (PAD_INDEX = OFF, STATISTICS_NORECOMPUTE = OFF, IGNORE_DUP_KEY = OFF, ALLOW_ROW_LOCKS = ON, ALLOW_PAGE_LOCKS = ON) ON [PRIMARY]
) ON [PRIMARY] TEXTIMAGE_ON [PRIMARY]
GO
/****** Object:  Table [dbo].[FACULTIES]    Script Date: 8/10/2020 7:39:37 PM ******/
SET ANSI_NULLS ON
GO
SET QUOTED_IDENTIFIER ON
GO
CREATE TABLE [dbo].[FACULTIES](
	[FAC_ID] [int] IDENTITY(1,1) NOT NULL,
	[FAC_NAME] [nvarchar](max) NOT NULL,
	[FAC_ADDRESS] [nvarchar](400) NULL,
	[FAC_PHONE] [varchar](15) NULL,
	[FAC_EMAIL] [varchar](200) NULL,
	[FAC_WEBSITE] [varchar](200) NULL,
	[FAC_INFORMATION] [ntext] NULL,
	[FAC_ISDELETED] [bit] NULL,
	[FAC_STATUS] [int] NULL,
	[FAC_CREATEDBY] [bigint] NULL,
	[FAC_CREATEDDATE] [datetime] NULL,
	[FAC_MODIFIEDBY] [bigint] NULL,
	[FAC_MODIFIEDDATE] [datetime] NULL,
	[FAC_CODE] [varchar](20) NULL,
PRIMARY KEY CLUSTERED 
(
	[FAC_ID] ASC
)WITH (PAD_INDEX = OFF, STATISTICS_NORECOMPUTE = OFF, IGNORE_DUP_KEY = OFF, ALLOW_ROW_LOCKS = ON, ALLOW_PAGE_LOCKS = ON) ON [PRIMARY]
) ON [PRIMARY] TEXTIMAGE_ON [PRIMARY]
GO
/****** Object:  Table [dbo].[INFORMATIONS]    Script Date: 8/10/2020 7:39:37 PM ******/
SET ANSI_NULLS ON
GO
SET QUOTED_IDENTIFIER ON
GO
CREATE TABLE [dbo].[INFORMATIONS](
	[INF_ID] [int] IDENTITY(1,1) NOT NULL,
	[INF_KEYNAME] [nvarchar](255) NULL,
	[INF_VALUE] [nvarchar](max) NULL,
	[INF_ORDER] [int] NULL,
	[INF_STATUS] [int] NULL,
	[INF_ISDELETED] [bit] NULL,
	[INF_CREATEDBY] [bigint] NULL,
	[INF_CREATEDDATE] [datetime] NULL,
	[INF_MODIFIEDBY] [bigint] NULL,
	[INF_MODIFIEDDATE] [datetime] NULL,
	[INF_ISMULTI] [bit] NULL,
	[INF_INFID] [int] NULL,
PRIMARY KEY CLUSTERED 
(
	[INF_ID] ASC
)WITH (PAD_INDEX = OFF, STATISTICS_NORECOMPUTE = OFF, IGNORE_DUP_KEY = OFF, ALLOW_ROW_LOCKS = ON, ALLOW_PAGE_LOCKS = ON) ON [PRIMARY]
) ON [PRIMARY] TEXTIMAGE_ON [PRIMARY]
GO
/****** Object:  Table [dbo].[LABS]    Script Date: 8/10/2020 7:39:37 PM ******/
SET ANSI_NULLS ON
GO
SET QUOTED_IDENTIFIER ON
GO
CREATE TABLE [dbo].[LABS](
	[LAB_ID] [int] IDENTITY(1,1) NOT NULL,
	[LAB_NAME] [nvarchar](255) NOT NULL,
	[LAB_ADDRESS] [nvarchar](max) NULL,
	[LAB_ISDELETED] [bit] NULL,
	[LAB_STATUS] [int] NULL,
	[LAB_CREATEDBY] [bigint] NULL,
	[LAB_CREATEDDATE] [datetime] NULL,
	[LAB_MODIFIEDBY] [bigint] NULL,
	[LAB_MODIFIEDDATE] [datetime] NULL,
PRIMARY KEY CLUSTERED 
(
	[LAB_ID] ASC
)WITH (PAD_INDEX = OFF, STATISTICS_NORECOMPUTE = OFF, IGNORE_DUP_KEY = OFF, ALLOW_ROW_LOCKS = ON, ALLOW_PAGE_LOCKS = ON) ON [PRIMARY]
) ON [PRIMARY] TEXTIMAGE_ON [PRIMARY]
GO
/****** Object:  Table [dbo].[LOGS]    Script Date: 8/10/2020 7:39:37 PM ******/
SET ANSI_NULLS ON
GO
SET QUOTED_IDENTIFIER ON
GO
CREATE TABLE [dbo].[LOGS](
	[LOG_ID] [bigint] IDENTITY(1,1) NOT NULL,
	[LOG_DATE] [datetime] NULL,
	[LOG_CONTENT] [ntext] NULL,
	[LOG_USEID] [bigint] NOT NULL,
	[LOG_MODULE] [nvarchar](max) NULL,
	[LOG_ACTID] [int] NULL,
	[LOG_TABID] [int] NULL,
PRIMARY KEY CLUSTERED 
(
	[LOG_ID] ASC
)WITH (PAD_INDEX = OFF, STATISTICS_NORECOMPUTE = OFF, IGNORE_DUP_KEY = OFF, ALLOW_ROW_LOCKS = ON, ALLOW_PAGE_LOCKS = ON) ON [PRIMARY]
) ON [PRIMARY] TEXTIMAGE_ON [PRIMARY]
GO
/****** Object:  Table [dbo].[NOFICATIONS]    Script Date: 8/10/2020 7:39:37 PM ******/
SET ANSI_NULLS ON
GO
SET QUOTED_IDENTIFIER ON
GO
CREATE TABLE [dbo].[NOFICATIONS](
	[NOF_ID] [bigint] IDENTITY(1,1) NOT NULL,
	[NOF_USEID] [bigint] NULL,
	[NOF_CONTENT] [ntext] NOT NULL,
	[NOF_STATUS] [int] NULL,
	[NOF_CREATEDDATE] [datetime] NULL,
	[NOF_MODIFIEDDATE] [datetime] NULL,
	[NOF_LINK] [varchar](max) NULL,
	[NOF_CREATEDBY] [bigint] NULL,
	[NOF_TITLE] [nvarchar](max) NULL,
	[NOF_KEYPARAM] [varchar](50) NULL,
	[NOF_PARAM] [bigint] NULL,
PRIMARY KEY CLUSTERED 
(
	[NOF_ID] ASC
)WITH (PAD_INDEX = OFF, STATISTICS_NORECOMPUTE = OFF, IGNORE_DUP_KEY = OFF, ALLOW_ROW_LOCKS = ON, ALLOW_PAGE_LOCKS = ON) ON [PRIMARY]
) ON [PRIMARY] TEXTIMAGE_ON [PRIMARY]
GO
/****** Object:  Table [dbo].[OPTIONS]    Script Date: 8/10/2020 7:39:37 PM ******/
SET ANSI_NULLS ON
GO
SET QUOTED_IDENTIFIER ON
GO
CREATE TABLE [dbo].[OPTIONS](
	[OPT_ID] [bigint] IDENTITY(1,1) NOT NULL,
	[OPT_CONTENT] [ntext] NULL,
	[OPT_ISCORRECT] [bit] NOT NULL,
	[OPT_ORDER] [int] NULL,
	[OPT_ISDELETED] [bit] NULL,
	[OPT_STATUS] [int] NULL,
	[OPT_CREATEDBY] [bigint] NULL,
	[OPT_CREATEDDATE] [datetime] NULL,
	[OPT_MODIFIEDBY] [bigint] NULL,
	[OPT_MODIFIEDDATE] [datetime] NULL,
	[OPT_QUEID] [bigint] NOT NULL,
PRIMARY KEY CLUSTERED 
(
	[OPT_ID] ASC
)WITH (PAD_INDEX = OFF, STATISTICS_NORECOMPUTE = OFF, IGNORE_DUP_KEY = OFF, ALLOW_ROW_LOCKS = ON, ALLOW_PAGE_LOCKS = ON) ON [PRIMARY]
) ON [PRIMARY] TEXTIMAGE_ON [PRIMARY]
GO
/****** Object:  Table [dbo].[PARTS]    Script Date: 8/10/2020 7:39:37 PM ******/
SET ANSI_NULLS ON
GO
SET QUOTED_IDENTIFIER ON
GO
CREATE TABLE [dbo].[PARTS](
	[PAR_ID] [bigint] IDENTITY(1,1) NOT NULL,
	[PAR_CODE] [varchar](50) NULL,
	[PAR_NAME] [nvarchar](max) NOT NULL,
	[PAR_DIRECTION] [ntext] NULL,
	[PAR_DEFAULTSCORE] [float] NULL,
	[PAR_DEFAULTCOLUMN] [int] NULL,
	[PAR_DEFAULTLEVEL] [int] NULL,
	[PAR_ORDER] [int] NULL,
	[PAR_NOTE] [ntext] NULL,
	[PAR_ISDELETED] [bit] NULL,
	[PAR_STATUS] [int] NULL,
	[PAR_SUBID] [bigint] NOT NULL,
	[PAR_CREATEDBY] [bigint] NULL,
	[PAR_MODIFIEDBY] [bigint] NULL,
	[PAR_CREATEDDATE] [datetime] NULL,
	[PAR_MODIFIEDDATE] [datetime] NULL,
	[PAR_ISALLOWNULLQUESTION] [bit] NULL,
	[PAR_ISALLOWNULLOPTION] [bit] NULL,
	[PAR_ISSHUFFLE] [bit] NULL,
	[PAR_ISALLOWSHUFFLEQUESTION] [bit] NULL,
	[PAR_ISALLOWSHUFFLEOPTION] [bit] NULL,
PRIMARY KEY CLUSTERED 
(
	[PAR_ID] ASC
)WITH (PAD_INDEX = OFF, STATISTICS_NORECOMPUTE = OFF, IGNORE_DUP_KEY = OFF, ALLOW_ROW_LOCKS = ON, ALLOW_PAGE_LOCKS = ON) ON [PRIMARY]
) ON [PRIMARY] TEXTIMAGE_ON [PRIMARY]
GO
/****** Object:  Table [dbo].[PASSAGES]    Script Date: 8/10/2020 7:39:37 PM ******/
SET ANSI_NULLS ON
GO
SET QUOTED_IDENTIFIER ON
GO
CREATE TABLE [dbo].[PASSAGES](
	[PAS_ID] [bigint] IDENTITY(1,1) NOT NULL,
	[PAS_CONTENT] [ntext] NULL,
	[PAS_ISSHUFFLE] [bit] NULL,
	[PAS_ISSHOWALL] [bit] NULL,
	[PAS_MEDIA] [varchar](255) NULL,
	[PAS_ISDELETED] [bit] NULL,
	[PAS_STATUS] [int] NULL,
	[PAS_PARID] [bigint] NULL,
	[PAS_ANTYID] [int] NULL,
	[PAS_CREATEDBY] [bigint] NULL,
	[PAS_CREATEDDATE] [datetime] NULL,
	[PAS_MODIFIEDBY] [bigint] NULL,
	[PAS_MODIFIEDDATE] [datetime] NULL,
	[PAS_ORDER] [int] NULL,
PRIMARY KEY CLUSTERED 
(
	[PAS_ID] ASC
)WITH (PAD_INDEX = OFF, STATISTICS_NORECOMPUTE = OFF, IGNORE_DUP_KEY = OFF, ALLOW_ROW_LOCKS = ON, ALLOW_PAGE_LOCKS = ON) ON [PRIMARY]
) ON [PRIMARY] TEXTIMAGE_ON [PRIMARY]
GO
/****** Object:  Table [dbo].[PERMISSIONS]    Script Date: 8/10/2020 7:39:37 PM ******/
SET ANSI_NULLS ON
GO
SET QUOTED_IDENTIFIER ON
GO
CREATE TABLE [dbo].[PERMISSIONS](
	[PER_ID] [int] IDENTITY(1,1) NOT NULL,
	[PER_NAME] [nvarchar](400) NOT NULL,
	[PER_STATUS] [int] NULL,
	[PER_ISACTIVE] [bit] NULL,
	[PER_ISDELETED] [bit] NULL,
	[PER_CREATEDDATE] [datetime] NULL,
	[PER_MODIFIEDDATE] [datetime] NULL,
	[PER_CREATEDBY] [bigint] NULL,
	[PER_MODIFIEDBY] [bigint] NULL,
PRIMARY KEY CLUSTERED 
(
	[PER_ID] ASC
)WITH (PAD_INDEX = OFF, STATISTICS_NORECOMPUTE = OFF, IGNORE_DUP_KEY = OFF, ALLOW_ROW_LOCKS = ON, ALLOW_PAGE_LOCKS = ON) ON [PRIMARY]
) ON [PRIMARY]
GO
/****** Object:  Table [dbo].[QUESTIONS]    Script Date: 8/10/2020 7:39:37 PM ******/
SET ANSI_NULLS ON
GO
SET QUOTED_IDENTIFIER ON
GO
CREATE TABLE [dbo].[QUESTIONS](
	[QUE_ID] [bigint] IDENTITY(1,1) NOT NULL,
	[QUE_CONTENT] [ntext] NULL,
	[QUE_ISSHUFFLE] [bit] NULL,
	[QUE_SCORE] [float] NOT NULL,
	[QUE_OPTCOLUMN] [int] NULL,
	[QUE_ISBANK] [bit] NULL,
	[QUE_LEVEL] [int] NOT NULL,
	[QUE_MEDIA] [varchar](255) NULL,
	[QUE_REFERENCE] [ntext] NULL,
	[QUE_ORDER] [int] NULL,
	[QUE_ISDELETED] [bit] NULL,
	[QUE_STATUS] [int] NULL,
	[QUE_CREATEDBY] [bigint] NULL,
	[QUE_CREATEDDATE] [datetime] NULL,
	[QUE_MODIFIEDBY] [bigint] NULL,
	[QUE_MODIFIEDDATE] [datetime] NULL,
	[QUE_ANTYID] [int] NULL,
	[QUE_PARID] [bigint] NULL,
	[QUE_PASID] [bigint] NULL,
PRIMARY KEY CLUSTERED 
(
	[QUE_ID] ASC
)WITH (PAD_INDEX = OFF, STATISTICS_NORECOMPUTE = OFF, IGNORE_DUP_KEY = OFF, ALLOW_ROW_LOCKS = ON, ALLOW_PAGE_LOCKS = ON) ON [PRIMARY]
) ON [PRIMARY] TEXTIMAGE_ON [PRIMARY]
GO
/****** Object:  Table [dbo].[ROLE_PERMISSIONS]    Script Date: 8/10/2020 7:39:37 PM ******/
SET ANSI_NULLS ON
GO
SET QUOTED_IDENTIFIER ON
GO
CREATE TABLE [dbo].[ROLE_PERMISSIONS](
	[ROPE_ID] [bigint] IDENTITY(1,1) NOT NULL,
	[ROPE_ROLID] [bigint] NOT NULL,
	[ROPE_PERID] [int] NOT NULL,
	[ROPE_CREATEDBY] [bigint] NULL,
	[ROPE_CREATEDDATE] [datetime] NULL,
	[ROPE_MODIFIEDBY] [bigint] NULL,
	[ROPE_MODIFIEDDATE] [datetime] NULL,
	[ROPE_ISACTIVE] [bit] NULL,
	[ROPE_STATUS] [int] NULL,
PRIMARY KEY CLUSTERED 
(
	[ROPE_ID] ASC
)WITH (PAD_INDEX = OFF, STATISTICS_NORECOMPUTE = OFF, IGNORE_DUP_KEY = OFF, ALLOW_ROW_LOCKS = ON, ALLOW_PAGE_LOCKS = ON) ON [PRIMARY]
) ON [PRIMARY]
GO
/****** Object:  Table [dbo].[ROLE_TYPES]    Script Date: 8/10/2020 7:39:37 PM ******/
SET ANSI_NULLS ON
GO
SET QUOTED_IDENTIFIER ON
GO
CREATE TABLE [dbo].[ROLE_TYPES](
	[ROTY_ID] [int] IDENTITY(1,1) NOT NULL,
	[ROTY_NAME] [nvarchar](255) NOT NULL,
	[ROTY_STATUS] [int] NULL,
PRIMARY KEY CLUSTERED 
(
	[ROTY_ID] ASC
)WITH (PAD_INDEX = OFF, STATISTICS_NORECOMPUTE = OFF, IGNORE_DUP_KEY = OFF, ALLOW_ROW_LOCKS = ON, ALLOW_PAGE_LOCKS = ON) ON [PRIMARY]
) ON [PRIMARY]
GO
/****** Object:  Table [dbo].[ROLES]    Script Date: 8/10/2020 7:39:37 PM ******/
SET ANSI_NULLS ON
GO
SET QUOTED_IDENTIFIER ON
GO
CREATE TABLE [dbo].[ROLES](
	[ROL_ID] [bigint] IDENTITY(1,1) NOT NULL,
	[ROL_ACTID] [int] NULL,
	[ROL_TABID] [int] NULL,
	[ROL_URL] [varchar](max) NULL,
	[ROL_TRIGGER] [varchar](255) NULL,
	[ROL_ISACTIVE] [bit] NULL,
	[ROL_STATUS] [int] NULL,
	[ROL_ISPARENT] [bit] NULL,
	[ROL_PARENT] [bigint] NULL,
	[ROL_ROTYID] [int] NULL,
PRIMARY KEY CLUSTERED 
(
	[ROL_ID] ASC
)WITH (PAD_INDEX = OFF, STATISTICS_NORECOMPUTE = OFF, IGNORE_DUP_KEY = OFF, ALLOW_ROW_LOCKS = ON, ALLOW_PAGE_LOCKS = ON) ON [PRIMARY]
) ON [PRIMARY] TEXTIMAGE_ON [PRIMARY]
GO
/****** Object:  Table [dbo].[SCHEDULE_TESTS]    Script Date: 8/10/2020 7:39:37 PM ******/
SET ANSI_NULLS ON
GO
SET QUOTED_IDENTIFIER ON
GO
CREATE TABLE [dbo].[SCHEDULE_TESTS](
	[SCTE_ID] [bigint] IDENTITY(1,1) NOT NULL,
	[SCTE_TESID] [bigint] NOT NULL,
	[SCTE_SHIID] [int] NOT NULL,
	[SCTE_DATE] [date] NOT NULL,
	[SCTE_LABID] [int] NOT NULL,
	[SCTE_CREATEDBY] [bigint] NULL,
	[SCTE_CREATEDDATE] [datetime] NULL,
	[SCTE_MODIFIEDBY] [bigint] NULL,
	[SCTE_MODIFIEDDATE] [datetime] NULL,
	[SCTE_ISDELETED] [bit] NULL,
	[SCTE_STATUS] [int] NULL,
PRIMARY KEY CLUSTERED 
(
	[SCTE_ID] ASC
)WITH (PAD_INDEX = OFF, STATISTICS_NORECOMPUTE = OFF, IGNORE_DUP_KEY = OFF, ALLOW_ROW_LOCKS = ON, ALLOW_PAGE_LOCKS = ON) ON [PRIMARY]
) ON [PRIMARY]
GO
/****** Object:  Table [dbo].[SCHOOLYEARS]    Script Date: 8/10/2020 7:39:37 PM ******/
SET ANSI_NULLS ON
GO
SET QUOTED_IDENTIFIER ON
GO
CREATE TABLE [dbo].[SCHOOLYEARS](
	[SCYE_ID] [int] IDENTITY(1,1) NOT NULL,
	[SCYE_CODE] [varchar](50) NULL,
	[SCYE_STARTYEAR] [int] NULL,
	[SCYE_ENDYEAR] [int] NULL,
	[SCYE_CREATEDBY] [bigint] NULL,
	[SCYE_CREATEDDATE] [datetime] NULL,
	[SCYE_MODIFIEDBY] [bigint] NULL,
	[SCYE_MODIFIEDDATE] [datetime] NULL,
	[SCYE_STATUS] [int] NULL,
	[SCYE_ISDELETED] [bit] NULL,
PRIMARY KEY CLUSTERED 
(
	[SCYE_ID] ASC
)WITH (PAD_INDEX = OFF, STATISTICS_NORECOMPUTE = OFF, IGNORE_DUP_KEY = OFF, ALLOW_ROW_LOCKS = ON, ALLOW_PAGE_LOCKS = ON) ON [PRIMARY]
) ON [PRIMARY]
GO
/****** Object:  Table [dbo].[SETTING_TYPES]    Script Date: 8/10/2020 7:39:37 PM ******/
SET ANSI_NULLS ON
GO
SET QUOTED_IDENTIFIER ON
GO
CREATE TABLE [dbo].[SETTING_TYPES](
	[SETY_ID] [int] IDENTITY(1,1) NOT NULL,
	[SETY_NAME] [nvarchar](255) NOT NULL,
PRIMARY KEY CLUSTERED 
(
	[SETY_ID] ASC
)WITH (PAD_INDEX = OFF, STATISTICS_NORECOMPUTE = OFF, IGNORE_DUP_KEY = OFF, ALLOW_ROW_LOCKS = ON, ALLOW_PAGE_LOCKS = ON) ON [PRIMARY]
) ON [PRIMARY]
GO
/****** Object:  Table [dbo].[SETTINGS]    Script Date: 8/10/2020 7:39:37 PM ******/
SET ANSI_NULLS ON
GO
SET QUOTED_IDENTIFIER ON
GO
CREATE TABLE [dbo].[SETTINGS](
	[SET_ID] [bigint] IDENTITY(1,1) NOT NULL,
	[SET_NAME] [nvarchar](255) NOT NULL,
	[SET_VALUE] [int] NULL,
	[SET_ISACTIVE] [bit] NULL,
	[SET_MODIFIEDBY] [bigint] NULL,
	[SET_MODIFIEDDATE] [datetime] NULL,
	[SET_SETYID] [int] NULL,
	[SET_UNIT] [nvarchar](100) NULL,
	[SET_NOTE] [ntext] NULL,
	[SET_CHOICE] [nvarchar](max) NULL,
	[SET_CHOICEVALUE] [nvarchar](max) NULL,
	[SET_MULTICHOICE] [nvarchar](max) NULL,
	[SET_MULTICHOICEVALUE] [nvarchar](max) NULL,
PRIMARY KEY CLUSTERED 
(
	[SET_ID] ASC
)WITH (PAD_INDEX = OFF, STATISTICS_NORECOMPUTE = OFF, IGNORE_DUP_KEY = OFF, ALLOW_ROW_LOCKS = ON, ALLOW_PAGE_LOCKS = ON) ON [PRIMARY]
) ON [PRIMARY] TEXTIMAGE_ON [PRIMARY]
GO
/****** Object:  Table [dbo].[STUDENT_TESTS]    Script Date: 8/10/2020 7:39:37 PM ******/
SET ANSI_NULLS ON
GO
SET QUOTED_IDENTIFIER ON
GO
CREATE TABLE [dbo].[STUDENT_TESTS](
	[STTE_ID] [bigint] IDENTITY(1,1) NOT NULL,
	[STTE_TESTCODE] [varchar](30) NULL,
	[STTE_SCTEID] [bigint] NULL,
	[STTE_STUID] [bigint] NULL,
	[STTE_QUESTION] [text] NULL,
	[STTE_OPTION] [text] NULL,
	[STTE_SCORE] [float] NULL,
	[STTE_AUTONUMBER] [bigint] NULL,
	[STTE_HASH] [char](40) NULL,
	[STTE_CREATEDDATE] [datetime] NULL,
	[STTE_PASSWORD] [varchar](100) NULL,
	[STTE_REMAININGTIME] [bigint] NULL,
	[STTE_MODIFIEDDATE] [datetime] NULL,
	[STTE_STATUS] [int] NULL,
	[STTE_CURRENTPART] [bigint] NULL,
	[STTE_CURRENTTIMEAUDIO] [int] NULL,
PRIMARY KEY CLUSTERED 
(
	[STTE_ID] ASC
)WITH (PAD_INDEX = OFF, STATISTICS_NORECOMPUTE = OFF, IGNORE_DUP_KEY = OFF, ALLOW_ROW_LOCKS = ON, ALLOW_PAGE_LOCKS = ON) ON [PRIMARY]
) ON [PRIMARY] TEXTIMAGE_ON [PRIMARY]
GO
/****** Object:  Table [dbo].[STUDENTS]    Script Date: 8/10/2020 7:39:37 PM ******/
SET ANSI_NULLS ON
GO
SET QUOTED_IDENTIFIER ON
GO
CREATE TABLE [dbo].[STUDENTS](
	[STU_ID] [bigint] IDENTITY(1,1) NOT NULL,
	[STU_CODE] [varchar](50) NULL,
	[STU_FIRSTNAME] [nvarchar](50) NOT NULL,
	[STU_LASTNAME] [nvarchar](100) NOT NULL,
	[STU_GENDER] [bit] NULL,
	[STU_DATEOFBIRTH] [date] NULL,
	[STU_PHONE] [varchar](15) NULL,
	[STU_ADDRESS] [nvarchar](max) NULL,
	[STU_EMAIL] [varchar](255) NULL,
	[STU_AVATAR] [varchar](400) NULL,
	[STU_CREATEDBY] [bigint] NULL,
	[STU_CREATEDDATE] [datetime] NULL,
	[STU_MODIFIEDBY] [bigint] NULL,
	[STU_MODIFIEDDATE] [datetime] NULL,
	[STU_USEID] [bigint] NOT NULL,
	[STU_STATUS] [int] NULL,
	[STU_ISDELETED] [bit] NULL,
	[STU_IDENTITY] [varchar](50) NULL,
	[STU_BRAID] [int] NOT NULL,
	[STU_CLAID] [bigint] NOT NULL,
	[STU_SCYEID] [int] NOT NULL,
PRIMARY KEY CLUSTERED 
(
	[STU_ID] ASC
)WITH (PAD_INDEX = OFF, STATISTICS_NORECOMPUTE = OFF, IGNORE_DUP_KEY = OFF, ALLOW_ROW_LOCKS = ON, ALLOW_PAGE_LOCKS = ON) ON [PRIMARY]
) ON [PRIMARY] TEXTIMAGE_ON [PRIMARY]
GO
/****** Object:  Table [dbo].[SUBJECT_BRANCHES]    Script Date: 8/10/2020 7:39:37 PM ******/
SET ANSI_NULLS ON
GO
SET QUOTED_IDENTIFIER ON
GO
CREATE TABLE [dbo].[SUBJECT_BRANCHES](
	[SUBR_ID] [bigint] IDENTITY(1,1) NOT NULL,
	[SUBR_SUBID] [bigint] NOT NULL,
	[SUBR_BRAID] [int] NOT NULL,
	[SUBR_STATUS] [int] NULL,
	[SUBR_CREATEDBY] [bigint] NULL,
	[SUBR_CREATEDDATE] [datetime] NULL,
PRIMARY KEY CLUSTERED 
(
	[SUBR_ID] ASC
)WITH (PAD_INDEX = OFF, STATISTICS_NORECOMPUTE = OFF, IGNORE_DUP_KEY = OFF, ALLOW_ROW_LOCKS = ON, ALLOW_PAGE_LOCKS = ON) ON [PRIMARY]
) ON [PRIMARY]
GO
/****** Object:  Table [dbo].[SUBJECTS]    Script Date: 8/10/2020 7:39:37 PM ******/
SET ANSI_NULLS ON
GO
SET QUOTED_IDENTIFIER ON
GO
CREATE TABLE [dbo].[SUBJECTS](
	[SUB_ID] [bigint] IDENTITY(1,1) NOT NULL,
	[SUB_CODE] [varchar](50) NOT NULL,
	[SUB_NAME] [nvarchar](255) NOT NULL,
	[SUB_STATUS] [int] NULL,
	[SUB_ISDELETED] [bit] NULL,
	[SUB_CREATEDBY] [bigint] NULL,
	[SUB_CREATEDDATE] [datetime] NULL,
	[SUB_MODIFIEDBY] [bigint] NULL,
	[SUB_MODIFIEDDATE] [datetime] NULL,
	[SUB_CREDIT] [int] NULL,
	[SUB_ISALL] [bit] NULL,
	[SUB_FACID] [int] NULL,
PRIMARY KEY CLUSTERED 
(
	[SUB_ID] ASC
)WITH (PAD_INDEX = OFF, STATISTICS_NORECOMPUTE = OFF, IGNORE_DUP_KEY = OFF, ALLOW_ROW_LOCKS = ON, ALLOW_PAGE_LOCKS = ON) ON [PRIMARY]
) ON [PRIMARY]
GO
/****** Object:  Table [dbo].[TABLES]    Script Date: 8/10/2020 7:39:37 PM ******/
SET ANSI_NULLS ON
GO
SET QUOTED_IDENTIFIER ON
GO
CREATE TABLE [dbo].[TABLES](
	[TAB_ID] [int] IDENTITY(1,1) NOT NULL,
	[TAB_NAME] [nvarchar](150) NOT NULL,
	[TAB_STATUS] [int] NULL,
	[TAB_CODE] [varchar](100) NULL,
PRIMARY KEY CLUSTERED 
(
	[TAB_ID] ASC
)WITH (PAD_INDEX = OFF, STATISTICS_NORECOMPUTE = OFF, IGNORE_DUP_KEY = OFF, ALLOW_ROW_LOCKS = ON, ALLOW_PAGE_LOCKS = ON) ON [PRIMARY]
) ON [PRIMARY]
GO
/****** Object:  Table [dbo].[TEST_DETAILS]    Script Date: 8/10/2020 7:39:37 PM ******/
SET ANSI_NULLS ON
GO
SET QUOTED_IDENTIFIER ON
GO
CREATE TABLE [dbo].[TEST_DETAILS](
	[TEDE_ID] [bigint] IDENTITY(1,1) NOT NULL,
	[TEDE_TESID] [bigint] NOT NULL,
	[TEDE_QUEID] [bigint] NULL,
	[TEDE_PASID] [bigint] NULL,
	[TEDE_QUEOPTION] [varchar](max) NULL,
	[TEDE_PASQUESTION] [varchar](max) NULL,
	[TEDE_PASOPTION] [varchar](max) NULL,
	[TEDE_CREATEDBY] [bigint] NULL,
	[TEDE_CREATEDDATE] [datetime] NULL,
	[TEDE_ISDELETED] [bit] NULL,
	[TEDE_CODE] [varchar](10) NULL,
PRIMARY KEY CLUSTERED 
(
	[TEDE_ID] ASC
)WITH (PAD_INDEX = OFF, STATISTICS_NORECOMPUTE = OFF, IGNORE_DUP_KEY = OFF, ALLOW_ROW_LOCKS = ON, ALLOW_PAGE_LOCKS = ON) ON [PRIMARY]
) ON [PRIMARY] TEXTIMAGE_ON [PRIMARY]
GO
/****** Object:  Table [dbo].[TEST_QUESTIONS]    Script Date: 8/10/2020 7:39:37 PM ******/
SET ANSI_NULLS ON
GO
SET QUOTED_IDENTIFIER ON
GO
CREATE TABLE [dbo].[TEST_QUESTIONS](
	[TEQU_ID] [bigint] IDENTITY(1,1) NOT NULL,
	[TEQU_TESID] [bigint] NULL,
	[TEQU_QUEID] [bigint] NULL,
	[TEQU_PASID] [bigint] NULL,
	[TEQU_CREATEDBY] [bigint] NULL,
	[TEQU_CREATEDDATE] [datetime] NULL,
PRIMARY KEY CLUSTERED 
(
	[TEQU_ID] ASC
)WITH (PAD_INDEX = OFF, STATISTICS_NORECOMPUTE = OFF, IGNORE_DUP_KEY = OFF, ALLOW_ROW_LOCKS = ON, ALLOW_PAGE_LOCKS = ON) ON [PRIMARY]
) ON [PRIMARY]
GO
/****** Object:  Table [dbo].[TEST_TYPES]    Script Date: 8/10/2020 7:39:37 PM ******/
SET ANSI_NULLS ON
GO
SET QUOTED_IDENTIFIER ON
GO
CREATE TABLE [dbo].[TEST_TYPES](
	[TETY_ID] [int] IDENTITY(1,1) NOT NULL,
	[TETY_NAME] [nvarchar](255) NOT NULL,
	[TETY_ISCURRENT] [bit] NULL,
	[TETY_ORDER] [int] NULL,
	[TETY_ISDELETED] [bit] NULL,
	[TETY_STATUS] [int] NULL,
	[TETY_CREATEDBY] [bigint] NULL,
	[TETY_CREATEDDATE] [datetime] NULL,
	[TETY_MODIFIEDBY] [bigint] NULL,
	[TETY_MODIFIEDDATE] [datetime] NULL,
PRIMARY KEY CLUSTERED 
(
	[TETY_ID] ASC
)WITH (PAD_INDEX = OFF, STATISTICS_NORECOMPUTE = OFF, IGNORE_DUP_KEY = OFF, ALLOW_ROW_LOCKS = ON, ALLOW_PAGE_LOCKS = ON) ON [PRIMARY]
) ON [PRIMARY]
GO
/****** Object:  Table [dbo].[TESTING_FORMATS]    Script Date: 8/10/2020 7:39:37 PM ******/
SET ANSI_NULLS ON
GO
SET QUOTED_IDENTIFIER ON
GO
CREATE TABLE [dbo].[TESTING_FORMATS](
	[TESF_ID] [bigint] IDENTITY(1,1) NOT NULL,
	[TESF_TESID] [bigint] NOT NULL,
	[TESF_ISFREE] [bit] NULL,
	[TESF_ISSHOWPART] [bit] NULL,
	[TESF_ISSHOWSCORE] [bit] NULL,
	[TESF_ISSHOWPROCTOR] [bit] NULL,
	[TESF_ISSHOWFEEDBACK] [bit] NULL,
	[TESF_ISSHOWSIGNATURE] [bit] NULL,
PRIMARY KEY CLUSTERED 
(
	[TESF_ID] ASC
)WITH (PAD_INDEX = OFF, STATISTICS_NORECOMPUTE = OFF, IGNORE_DUP_KEY = OFF, ALLOW_ROW_LOCKS = ON, ALLOW_PAGE_LOCKS = ON) ON [PRIMARY]
) ON [PRIMARY]
GO
/****** Object:  Table [dbo].[TESTS]    Script Date: 8/10/2020 7:39:37 PM ******/
SET ANSI_NULLS ON
GO
SET QUOTED_IDENTIFIER ON
GO
CREATE TABLE [dbo].[TESTS](
	[TES_ID] [bigint] IDENTITY(1,1) NOT NULL,
	[TES_TITLE] [nvarchar](255) NULL,
	[TES_VERSION] [varchar](50) NULL,
	[TES_DATE] [date] NULL,
	[TES_TIME] [bigint] NOT NULL,
	[TES_LANGUAGE] [char](2) NULL,
	[TES_ISSHUFFLE] [bit] NULL,
	[TES_ISHEADPHONE] [bit] NULL,
	[TES_ISFRAME] [bit] NULL,
	[TES_ISACTIVE] [bit] NULL,
	[TES_ISLOCKED] [bit] NULL,
	[TES_PASSWORD] [varchar](255) NOT NULL,
	[TES_ENCPASSWORD] [varchar](255) NULL,
	[TES_MAXSCORE] [float] NOT NULL,
	[TES_NOTE] [ntext] NULL,
	[TES_CREATEDBY] [bigint] NULL,
	[TES_CREATEDDATE] [datetime] NULL,
	[TES_MODIFIEDBY] [bigint] NULL,
	[TES_MODIFIEDDATE] [datetime] NULL,
	[TES_SUBID] [bigint] NOT NULL,
	[TES_TETYID] [int] NOT NULL,
	[TES_STATUS] [int] NULL,
	[TES_ISDELETED] [bit] NULL,
	[TES_ACCEPTEDBY] [bigint] NULL,
	[TES_ACCEPTEDDATE] [datetime] NULL,
	[TES_CODE] [varchar](20) NULL,
PRIMARY KEY CLUSTERED 
(
	[TES_ID] ASC
)WITH (PAD_INDEX = OFF, STATISTICS_NORECOMPUTE = OFF, IGNORE_DUP_KEY = OFF, ALLOW_ROW_LOCKS = ON, ALLOW_PAGE_LOCKS = ON) ON [PRIMARY]
) ON [PRIMARY] TEXTIMAGE_ON [PRIMARY]
GO
/****** Object:  Table [dbo].[TESTSHIFTS]    Script Date: 8/10/2020 7:39:37 PM ******/
SET ANSI_NULLS ON
GO
SET QUOTED_IDENTIFIER ON
GO
CREATE TABLE [dbo].[TESTSHIFTS](
	[SHI_ID] [int] IDENTITY(1,1) NOT NULL,
	[SHI_NAME] [nvarchar](150) NULL,
	[SHI_TIMESTART] [time](7) NULL,
	[SHI_STATUS] [int] NULL,
	[SHI_ISDELETED] [bit] NULL,
	[SHI_CREATEDBY] [bigint] NULL,
	[SHI_CREATEDDATE] [datetime] NULL,
	[SHI_MODIFIEDBY] [bigint] NULL,
	[SHI_MODIFIEDDATE] [datetime] NULL,
PRIMARY KEY CLUSTERED 
(
	[SHI_ID] ASC
)WITH (PAD_INDEX = OFF, STATISTICS_NORECOMPUTE = OFF, IGNORE_DUP_KEY = OFF, ALLOW_ROW_LOCKS = ON, ALLOW_PAGE_LOCKS = ON) ON [PRIMARY]
) ON [PRIMARY]
GO
/****** Object:  Table [dbo].[USER_PERMISSIONS]    Script Date: 8/10/2020 7:39:37 PM ******/
SET ANSI_NULLS ON
GO
SET QUOTED_IDENTIFIER ON
GO
CREATE TABLE [dbo].[USER_PERMISSIONS](
	[USPE_ID] [bigint] IDENTITY(1,1) NOT NULL,
	[USPE_USEID] [bigint] NOT NULL,
	[USPE_PERID] [int] NOT NULL,
	[USPE_CREATEDBY] [bigint] NULL,
	[USPE_CREATEDDATE] [datetime] NULL,
	[USPE_MODIFIEDBY] [bigint] NULL,
	[USPE_MODIFIEDDATE] [datetime] NULL,
	[USPE_STATUS] [int] NULL,
	[USPE_ISACTIVE] [bit] NULL,
PRIMARY KEY CLUSTERED 
(
	[USPE_ID] ASC
)WITH (PAD_INDEX = OFF, STATISTICS_NORECOMPUTE = OFF, IGNORE_DUP_KEY = OFF, ALLOW_ROW_LOCKS = ON, ALLOW_PAGE_LOCKS = ON) ON [PRIMARY]
) ON [PRIMARY]
GO
/****** Object:  Table [dbo].[USERS]    Script Date: 8/10/2020 7:39:37 PM ******/
SET ANSI_NULLS ON
GO
SET QUOTED_IDENTIFIER ON
GO
CREATE TABLE [dbo].[USERS](
	[USE_ID] [bigint] IDENTITY(1,1) NOT NULL,
	[USE_USERNAME] [varchar](255) NOT NULL,
	[USE_PASSWORD] [varchar](255) NOT NULL,
	[USE_CREATEDBY] [bigint] NULL,
	[USE_CREATEDDATE] [datetime] NULL,
	[USE_MODIFIEDBY] [bigint] NULL,
	[USE_MODIFIEDDATE] [datetime] NULL,
	[USE_ISACTIVE] [bit] NULL,
	[USE_STATUS] [int] NULL,
	[USE_ISDELETED] [bit] NULL,
	[USE_RAWPASSWORD] [varchar](255) NULL,
PRIMARY KEY CLUSTERED 
(
	[USE_ID] ASC
)WITH (PAD_INDEX = OFF, STATISTICS_NORECOMPUTE = OFF, IGNORE_DUP_KEY = OFF, ALLOW_ROW_LOCKS = ON, ALLOW_PAGE_LOCKS = ON) ON [PRIMARY]
) ON [PRIMARY]
GO
SET IDENTITY_INSERT [dbo].[ACTIONS] ON 

INSERT [dbo].[ACTIONS] ([ACT_ID], [ACT_NAME], [ACT_STATUS], [ACT_CODE]) VALUES (1, N'Thêm', 1, N'add')
INSERT [dbo].[ACTIONS] ([ACT_ID], [ACT_NAME], [ACT_STATUS], [ACT_CODE]) VALUES (2, N'Sửa', 1, N'upd')
INSERT [dbo].[ACTIONS] ([ACT_ID], [ACT_NAME], [ACT_STATUS], [ACT_CODE]) VALUES (3, N'Xóa', 1, N'del')
INSERT [dbo].[ACTIONS] ([ACT_ID], [ACT_NAME], [ACT_STATUS], [ACT_CODE]) VALUES (4, N'Xem', 1, N'vie')
INSERT [dbo].[ACTIONS] ([ACT_ID], [ACT_NAME], [ACT_STATUS], [ACT_CODE]) VALUES (5, N'Duyệt', 1, N'acc')
INSERT [dbo].[ACTIONS] ([ACT_ID], [ACT_NAME], [ACT_STATUS], [ACT_CODE]) VALUES (6, N'Quản lý', 1, N'all')
INSERT [dbo].[ACTIONS] ([ACT_ID], [ACT_NAME], [ACT_STATUS], [ACT_CODE]) VALUES (8, N'Quản lý theo', 1, N'con')
SET IDENTITY_INSERT [dbo].[ACTIONS] OFF
SET IDENTITY_INSERT [dbo].[ANSWER_TYPES] ON 

INSERT [dbo].[ANSWER_TYPES] ([ANTY_ID], [ANTY_NAME], [ANTY_ORDER], [ANTY_SAMPLE], [ANTY_ISDELETED], [ANTY_STATUS], [ANTY_CREATEDBY], [ANTY_CREATEDDATE], [ANTY_MODIFIEDBY], [ANTY_MODIFIEDDATE]) VALUES (1, N'Một đáp án', 1, N'<p>Kết quả phép tính 1 + 2 = ?</p><ul class="todo-list"><li><label class="todo-list__label"><input type="checkbox" disabled="disabled"><span class="todo-list__label__description">A. 5</span></label></li><li><label class="todo-list__label"><input type="checkbox" disabled="disabled"><span class="todo-list__label__description">B. 2</span></label></li><li><label class="todo-list__label"><input type="checkbox" disabled="disabled"><span class="todo-list__label__description">C. 0</span></label></li><li><label class="todo-list__label"><input type="checkbox" disabled="disabled" checked="checked"><span class="todo-list__label__description">D. 3</span></label></li></ul>', 0, 1, NULL, NULL, NULL, NULL)
INSERT [dbo].[ANSWER_TYPES] ([ANTY_ID], [ANTY_NAME], [ANTY_ORDER], [ANTY_SAMPLE], [ANTY_ISDELETED], [ANTY_STATUS], [ANTY_CREATEDBY], [ANTY_CREATEDDATE], [ANTY_MODIFIEDBY], [ANTY_MODIFIEDDATE]) VALUES (2, N'Nhiều đáp án', 2, N'<p>Các cặp số thỏa mãn phép tính … + … = 100?</p><ul class="todo-list"><li><label class="todo-list__label"><input type="checkbox" disabled="disabled" checked="checked"><span class="todo-list__label__description">A. 50 và 50</span></label></li><li><label class="todo-list__label"><input type="checkbox" disabled="disabled"><span class="todo-list__label__description">B. 50 và 51</span></label></li><li><label class="todo-list__label"><input type="checkbox" disabled="disabled" checked="checked"><span class="todo-list__label__description">C. 49 và 51</span></label></li><li><label class="todo-list__label"><input type="checkbox" disabled="disabled"><span class="todo-list__label__description">D. 49 và 50</span></label></li><li><label class="todo-list__label"><input type="checkbox" disabled="disabled"><span class="todo-list__label__description">E. 49 và 49</span></label></li></ul>', 0, 1, NULL, NULL, NULL, NULL)
INSERT [dbo].[ANSWER_TYPES] ([ANTY_ID], [ANTY_NAME], [ANTY_ORDER], [ANTY_SAMPLE], [ANTY_ISDELETED], [ANTY_STATUS], [ANTY_CREATEDBY], [ANTY_CREATEDDATE], [ANTY_MODIFIEDBY], [ANTY_MODIFIEDDATE]) VALUES (3, N'Đúng sai', 3, N'<p>Đánh giá phép tính 5 + 10 = 15?</p><ul class="todo-list"><li><label class="todo-list__label"><input type="checkbox" disabled="disabled" checked="checked"><span class="todo-list__label__description">Đúng</span></label></li><li><label class="todo-list__label"><input type="checkbox" disabled="disabled"><span class="todo-list__label__description">Sai</span></label></li></ul>', 0, 1, NULL, NULL, NULL, NULL)
SET IDENTITY_INSERT [dbo].[ANSWER_TYPES] OFF
SET IDENTITY_INSERT [dbo].[EMPLOYEES] ON 

INSERT [dbo].[EMPLOYEES] ([EMP_ID], [EMP_CODE], [EMP_FIRSTNAME], [EMP_LASTNAME], [EMP_GENDER], [EMP_DATEOFBIRTH], [EMP_PHONE], [EMP_ADDRESS], [EMP_EMAIL], [EMP_AVATAR], [EMP_CREATEDBY], [EMP_CREATEDDATE], [EMP_MODIFIEDBY], [EMP_MODIFIEDDATE], [EMP_USEID], [EMP_STATUS], [EMP_ISDELETED], [EMP_FACID], [EMP_IDENTITY]) VALUES (17, NULL, N'Admin', N'Super', 1, CAST(N'1996-11-18' AS Date), N'0906971622', N'144c/3 ấp Tam Hòa, xã Hiệp Hòa, Biên Hòa, Đồng Nai', N'nghoangtan96@gmail.com', NULL, 51, CAST(N'2020-08-10T19:34:43.703' AS DateTime), NULL, NULL, 51, 1, NULL, NULL, NULL)
SET IDENTITY_INSERT [dbo].[EMPLOYEES] OFF
SET IDENTITY_INSERT [dbo].[INFORMATIONS] ON 

INSERT [dbo].[INFORMATIONS] ([INF_ID], [INF_KEYNAME], [INF_VALUE], [INF_ORDER], [INF_STATUS], [INF_ISDELETED], [INF_CREATEDBY], [INF_CREATEDDATE], [INF_MODIFIEDBY], [INF_MODIFIEDDATE], [INF_ISMULTI], [INF_INFID]) VALUES (1, N'Logo', N'/Data/Informations/20200511111730_logo.png', 1, 1, 0, NULL, NULL, NULL, NULL, 1, NULL)
INSERT [dbo].[INFORMATIONS] ([INF_ID], [INF_KEYNAME], [INF_VALUE], [INF_ORDER], [INF_STATUS], [INF_ISDELETED], [INF_CREATEDBY], [INF_CREATEDDATE], [INF_MODIFIEDBY], [INF_MODIFIEDDATE], [INF_ISMULTI], [INF_INFID]) VALUES (3, N'Tên tổ chức', N'Trường Đại học Tài nguyên & Môi trường tp. Hồ Chí Minh', 2, 1, 0, NULL, NULL, NULL, NULL, 1, NULL)
INSERT [dbo].[INFORMATIONS] ([INF_ID], [INF_KEYNAME], [INF_VALUE], [INF_ORDER], [INF_STATUS], [INF_ISDELETED], [INF_CREATEDBY], [INF_CREATEDDATE], [INF_MODIFIEDBY], [INF_MODIFIEDDATE], [INF_ISMULTI], [INF_INFID]) VALUES (4, N'Số điện thoại', N'08.38443006', 3, 1, 0, NULL, NULL, NULL, NULL, 1, NULL)
INSERT [dbo].[INFORMATIONS] ([INF_ID], [INF_KEYNAME], [INF_VALUE], [INF_ORDER], [INF_STATUS], [INF_ISDELETED], [INF_CREATEDBY], [INF_CREATEDDATE], [INF_MODIFIEDBY], [INF_MODIFIEDDATE], [INF_ISMULTI], [INF_INFID]) VALUES (5, N'Email', N'info@hcmunre.edu.vn', 4, 1, 0, NULL, NULL, NULL, NULL, 1, NULL)
INSERT [dbo].[INFORMATIONS] ([INF_ID], [INF_KEYNAME], [INF_VALUE], [INF_ORDER], [INF_STATUS], [INF_ISDELETED], [INF_CREATEDBY], [INF_CREATEDDATE], [INF_MODIFIEDBY], [INF_MODIFIEDDATE], [INF_ISMULTI], [INF_INFID]) VALUES (6, N'Fax', N'08.38449474', 5, 1, 0, NULL, NULL, NULL, NULL, 1, NULL)
INSERT [dbo].[INFORMATIONS] ([INF_ID], [INF_KEYNAME], [INF_VALUE], [INF_ORDER], [INF_STATUS], [INF_ISDELETED], [INF_CREATEDBY], [INF_CREATEDDATE], [INF_MODIFIEDBY], [INF_MODIFIEDDATE], [INF_ISMULTI], [INF_INFID]) VALUES (7, N'Địa chỉ', N'236B Lê Văn Sỹ, Phường 1, Quận Tân Bình, TP. Hồ Chí Minh', 6, 1, 0, NULL, NULL, NULL, NULL, 1, NULL)
INSERT [dbo].[INFORMATIONS] ([INF_ID], [INF_KEYNAME], [INF_VALUE], [INF_ORDER], [INF_STATUS], [INF_ISDELETED], [INF_CREATEDBY], [INF_CREATEDDATE], [INF_MODIFIEDBY], [INF_MODIFIEDDATE], [INF_ISMULTI], [INF_INFID]) VALUES (8, N'Website', N'www.hcmunre.edu.vn', 7, 1, 0, NULL, NULL, NULL, NULL, 1, NULL)
SET IDENTITY_INSERT [dbo].[INFORMATIONS] OFF
SET IDENTITY_INSERT [dbo].[PERMISSIONS] ON 

INSERT [dbo].[PERMISSIONS] ([PER_ID], [PER_NAME], [PER_STATUS], [PER_ISACTIVE], [PER_ISDELETED], [PER_CREATEDDATE], [PER_MODIFIEDDATE], [PER_CREATEDBY], [PER_MODIFIEDBY]) VALUES (1, N'Quản lý hệ thống', 1, 1, 0, NULL, NULL, NULL, NULL)
INSERT [dbo].[PERMISSIONS] ([PER_ID], [PER_NAME], [PER_STATUS], [PER_ISACTIVE], [PER_ISDELETED], [PER_CREATEDDATE], [PER_MODIFIEDDATE], [PER_CREATEDBY], [PER_MODIFIEDBY]) VALUES (7, N'Giảng viên', 1, NULL, 0, NULL, NULL, NULL, NULL)
INSERT [dbo].[PERMISSIONS] ([PER_ID], [PER_NAME], [PER_STATUS], [PER_ISACTIVE], [PER_ISDELETED], [PER_CREATEDDATE], [PER_MODIFIEDDATE], [PER_CREATEDBY], [PER_MODIFIEDBY]) VALUES (8, N'Sinh viên', 1, NULL, 0, NULL, NULL, NULL, NULL)
INSERT [dbo].[PERMISSIONS] ([PER_ID], [PER_NAME], [PER_STATUS], [PER_ISACTIVE], [PER_ISDELETED], [PER_CREATEDDATE], [PER_MODIFIEDDATE], [PER_CREATEDBY], [PER_MODIFIEDBY]) VALUES (9, N'Quản lý khoa', 1, NULL, 0, NULL, NULL, NULL, NULL)
SET IDENTITY_INSERT [dbo].[PERMISSIONS] OFF
SET IDENTITY_INSERT [dbo].[ROLE_PERMISSIONS] ON 

INSERT [dbo].[ROLE_PERMISSIONS] ([ROPE_ID], [ROPE_ROLID], [ROPE_PERID], [ROPE_CREATEDBY], [ROPE_CREATEDDATE], [ROPE_MODIFIEDBY], [ROPE_MODIFIEDDATE], [ROPE_ISACTIVE], [ROPE_STATUS]) VALUES (1, 31, 1, NULL, NULL, NULL, CAST(N'2020-07-21T17:19:14.620' AS DateTime), 1, 1)
INSERT [dbo].[ROLE_PERMISSIONS] ([ROPE_ID], [ROPE_ROLID], [ROPE_PERID], [ROPE_CREATEDBY], [ROPE_CREATEDDATE], [ROPE_MODIFIEDBY], [ROPE_MODIFIEDDATE], [ROPE_ISACTIVE], [ROPE_STATUS]) VALUES (2, 32, 1, NULL, NULL, NULL, CAST(N'2020-07-21T17:19:14.643' AS DateTime), 1, 1)
INSERT [dbo].[ROLE_PERMISSIONS] ([ROPE_ID], [ROPE_ROLID], [ROPE_PERID], [ROPE_CREATEDBY], [ROPE_CREATEDDATE], [ROPE_MODIFIEDBY], [ROPE_MODIFIEDDATE], [ROPE_ISACTIVE], [ROPE_STATUS]) VALUES (3, 33, 1, NULL, NULL, NULL, CAST(N'2020-07-21T17:19:14.650' AS DateTime), 1, 1)
INSERT [dbo].[ROLE_PERMISSIONS] ([ROPE_ID], [ROPE_ROLID], [ROPE_PERID], [ROPE_CREATEDBY], [ROPE_CREATEDDATE], [ROPE_MODIFIEDBY], [ROPE_MODIFIEDDATE], [ROPE_ISACTIVE], [ROPE_STATUS]) VALUES (4, 34, 1, NULL, NULL, NULL, CAST(N'2020-07-21T17:19:14.657' AS DateTime), 1, 1)
INSERT [dbo].[ROLE_PERMISSIONS] ([ROPE_ID], [ROPE_ROLID], [ROPE_PERID], [ROPE_CREATEDBY], [ROPE_CREATEDDATE], [ROPE_MODIFIEDBY], [ROPE_MODIFIEDDATE], [ROPE_ISACTIVE], [ROPE_STATUS]) VALUES (5, 36, 1, NULL, NULL, NULL, CAST(N'2020-07-21T17:19:14.663' AS DateTime), 1, 1)
INSERT [dbo].[ROLE_PERMISSIONS] ([ROPE_ID], [ROPE_ROLID], [ROPE_PERID], [ROPE_CREATEDBY], [ROPE_CREATEDDATE], [ROPE_MODIFIEDBY], [ROPE_MODIFIEDDATE], [ROPE_ISACTIVE], [ROPE_STATUS]) VALUES (6, 37, 1, NULL, NULL, NULL, CAST(N'2020-07-21T17:19:14.670' AS DateTime), 1, 1)
INSERT [dbo].[ROLE_PERMISSIONS] ([ROPE_ID], [ROPE_ROLID], [ROPE_PERID], [ROPE_CREATEDBY], [ROPE_CREATEDDATE], [ROPE_MODIFIEDBY], [ROPE_MODIFIEDDATE], [ROPE_ISACTIVE], [ROPE_STATUS]) VALUES (7, 38, 1, NULL, NULL, NULL, CAST(N'2020-07-21T17:19:14.677' AS DateTime), 1, 1)
INSERT [dbo].[ROLE_PERMISSIONS] ([ROPE_ID], [ROPE_ROLID], [ROPE_PERID], [ROPE_CREATEDBY], [ROPE_CREATEDDATE], [ROPE_MODIFIEDBY], [ROPE_MODIFIEDDATE], [ROPE_ISACTIVE], [ROPE_STATUS]) VALUES (8, 39, 1, NULL, NULL, NULL, CAST(N'2020-07-21T17:19:14.683' AS DateTime), 1, 1)
INSERT [dbo].[ROLE_PERMISSIONS] ([ROPE_ID], [ROPE_ROLID], [ROPE_PERID], [ROPE_CREATEDBY], [ROPE_CREATEDDATE], [ROPE_MODIFIEDBY], [ROPE_MODIFIEDDATE], [ROPE_ISACTIVE], [ROPE_STATUS]) VALUES (9, 44, 1, NULL, NULL, NULL, CAST(N'2020-07-21T17:19:14.693' AS DateTime), 1, 1)
INSERT [dbo].[ROLE_PERMISSIONS] ([ROPE_ID], [ROPE_ROLID], [ROPE_PERID], [ROPE_CREATEDBY], [ROPE_CREATEDDATE], [ROPE_MODIFIEDBY], [ROPE_MODIFIEDDATE], [ROPE_ISACTIVE], [ROPE_STATUS]) VALUES (10, 45, 1, NULL, NULL, NULL, CAST(N'2020-07-21T17:19:14.700' AS DateTime), 1, 1)
INSERT [dbo].[ROLE_PERMISSIONS] ([ROPE_ID], [ROPE_ROLID], [ROPE_PERID], [ROPE_CREATEDBY], [ROPE_CREATEDDATE], [ROPE_MODIFIEDBY], [ROPE_MODIFIEDDATE], [ROPE_ISACTIVE], [ROPE_STATUS]) VALUES (11, 46, 1, NULL, NULL, NULL, CAST(N'2020-07-21T17:19:14.707' AS DateTime), 1, 1)
INSERT [dbo].[ROLE_PERMISSIONS] ([ROPE_ID], [ROPE_ROLID], [ROPE_PERID], [ROPE_CREATEDBY], [ROPE_CREATEDDATE], [ROPE_MODIFIEDBY], [ROPE_MODIFIEDDATE], [ROPE_ISACTIVE], [ROPE_STATUS]) VALUES (12, 47, 1, NULL, NULL, NULL, CAST(N'2020-07-21T17:19:14.713' AS DateTime), 1, 1)
INSERT [dbo].[ROLE_PERMISSIONS] ([ROPE_ID], [ROPE_ROLID], [ROPE_PERID], [ROPE_CREATEDBY], [ROPE_CREATEDDATE], [ROPE_MODIFIEDBY], [ROPE_MODIFIEDDATE], [ROPE_ISACTIVE], [ROPE_STATUS]) VALUES (13, 50, 1, NULL, NULL, NULL, CAST(N'2020-07-21T17:19:14.720' AS DateTime), 1, 1)
INSERT [dbo].[ROLE_PERMISSIONS] ([ROPE_ID], [ROPE_ROLID], [ROPE_PERID], [ROPE_CREATEDBY], [ROPE_CREATEDDATE], [ROPE_MODIFIEDBY], [ROPE_MODIFIEDDATE], [ROPE_ISACTIVE], [ROPE_STATUS]) VALUES (14, 51, 1, NULL, NULL, NULL, CAST(N'2020-07-21T17:19:14.727' AS DateTime), 1, 1)
INSERT [dbo].[ROLE_PERMISSIONS] ([ROPE_ID], [ROPE_ROLID], [ROPE_PERID], [ROPE_CREATEDBY], [ROPE_CREATEDDATE], [ROPE_MODIFIEDBY], [ROPE_MODIFIEDDATE], [ROPE_ISACTIVE], [ROPE_STATUS]) VALUES (15, 55, 1, NULL, NULL, NULL, CAST(N'2020-07-21T17:19:14.733' AS DateTime), 1, 1)
INSERT [dbo].[ROLE_PERMISSIONS] ([ROPE_ID], [ROPE_ROLID], [ROPE_PERID], [ROPE_CREATEDBY], [ROPE_CREATEDDATE], [ROPE_MODIFIEDBY], [ROPE_MODIFIEDDATE], [ROPE_ISACTIVE], [ROPE_STATUS]) VALUES (16, 56, 1, NULL, NULL, NULL, CAST(N'2020-07-21T17:19:14.740' AS DateTime), 1, 1)
INSERT [dbo].[ROLE_PERMISSIONS] ([ROPE_ID], [ROPE_ROLID], [ROPE_PERID], [ROPE_CREATEDBY], [ROPE_CREATEDDATE], [ROPE_MODIFIEDBY], [ROPE_MODIFIEDDATE], [ROPE_ISACTIVE], [ROPE_STATUS]) VALUES (17, 57, 1, NULL, NULL, NULL, CAST(N'2020-07-21T17:19:14.747' AS DateTime), 1, 1)
INSERT [dbo].[ROLE_PERMISSIONS] ([ROPE_ID], [ROPE_ROLID], [ROPE_PERID], [ROPE_CREATEDBY], [ROPE_CREATEDDATE], [ROPE_MODIFIEDBY], [ROPE_MODIFIEDDATE], [ROPE_ISACTIVE], [ROPE_STATUS]) VALUES (18, 58, 1, NULL, NULL, NULL, CAST(N'2020-07-21T17:19:14.753' AS DateTime), 1, 1)
INSERT [dbo].[ROLE_PERMISSIONS] ([ROPE_ID], [ROPE_ROLID], [ROPE_PERID], [ROPE_CREATEDBY], [ROPE_CREATEDDATE], [ROPE_MODIFIEDBY], [ROPE_MODIFIEDDATE], [ROPE_ISACTIVE], [ROPE_STATUS]) VALUES (19, 59, 1, NULL, NULL, NULL, CAST(N'2020-07-21T17:19:14.763' AS DateTime), 1, 1)
INSERT [dbo].[ROLE_PERMISSIONS] ([ROPE_ID], [ROPE_ROLID], [ROPE_PERID], [ROPE_CREATEDBY], [ROPE_CREATEDDATE], [ROPE_MODIFIEDBY], [ROPE_MODIFIEDDATE], [ROPE_ISACTIVE], [ROPE_STATUS]) VALUES (20, 60, 1, NULL, NULL, NULL, CAST(N'2020-07-21T17:19:14.770' AS DateTime), 1, 1)
INSERT [dbo].[ROLE_PERMISSIONS] ([ROPE_ID], [ROPE_ROLID], [ROPE_PERID], [ROPE_CREATEDBY], [ROPE_CREATEDDATE], [ROPE_MODIFIEDBY], [ROPE_MODIFIEDDATE], [ROPE_ISACTIVE], [ROPE_STATUS]) VALUES (21, 61, 1, NULL, NULL, NULL, CAST(N'2020-07-21T17:19:14.777' AS DateTime), 1, 1)
INSERT [dbo].[ROLE_PERMISSIONS] ([ROPE_ID], [ROPE_ROLID], [ROPE_PERID], [ROPE_CREATEDBY], [ROPE_CREATEDDATE], [ROPE_MODIFIEDBY], [ROPE_MODIFIEDDATE], [ROPE_ISACTIVE], [ROPE_STATUS]) VALUES (22, 62, 1, NULL, NULL, NULL, CAST(N'2020-07-21T17:19:14.787' AS DateTime), 1, 1)
INSERT [dbo].[ROLE_PERMISSIONS] ([ROPE_ID], [ROPE_ROLID], [ROPE_PERID], [ROPE_CREATEDBY], [ROPE_CREATEDDATE], [ROPE_MODIFIEDBY], [ROPE_MODIFIEDDATE], [ROPE_ISACTIVE], [ROPE_STATUS]) VALUES (23, 63, 1, NULL, NULL, NULL, CAST(N'2020-07-21T17:19:14.793' AS DateTime), 1, 1)
INSERT [dbo].[ROLE_PERMISSIONS] ([ROPE_ID], [ROPE_ROLID], [ROPE_PERID], [ROPE_CREATEDBY], [ROPE_CREATEDDATE], [ROPE_MODIFIEDBY], [ROPE_MODIFIEDDATE], [ROPE_ISACTIVE], [ROPE_STATUS]) VALUES (24, 64, 1, NULL, NULL, NULL, CAST(N'2020-07-21T17:19:14.803' AS DateTime), 1, 1)
INSERT [dbo].[ROLE_PERMISSIONS] ([ROPE_ID], [ROPE_ROLID], [ROPE_PERID], [ROPE_CREATEDBY], [ROPE_CREATEDDATE], [ROPE_MODIFIEDBY], [ROPE_MODIFIEDDATE], [ROPE_ISACTIVE], [ROPE_STATUS]) VALUES (25, 65, 1, NULL, NULL, NULL, CAST(N'2020-07-21T17:19:14.813' AS DateTime), 1, 1)
INSERT [dbo].[ROLE_PERMISSIONS] ([ROPE_ID], [ROPE_ROLID], [ROPE_PERID], [ROPE_CREATEDBY], [ROPE_CREATEDDATE], [ROPE_MODIFIEDBY], [ROPE_MODIFIEDDATE], [ROPE_ISACTIVE], [ROPE_STATUS]) VALUES (26, 66, 1, NULL, NULL, NULL, CAST(N'2020-07-21T17:19:14.820' AS DateTime), 1, 1)
INSERT [dbo].[ROLE_PERMISSIONS] ([ROPE_ID], [ROPE_ROLID], [ROPE_PERID], [ROPE_CREATEDBY], [ROPE_CREATEDDATE], [ROPE_MODIFIEDBY], [ROPE_MODIFIEDDATE], [ROPE_ISACTIVE], [ROPE_STATUS]) VALUES (27, 67, 1, NULL, NULL, NULL, CAST(N'2020-07-21T17:19:14.827' AS DateTime), 1, 1)
INSERT [dbo].[ROLE_PERMISSIONS] ([ROPE_ID], [ROPE_ROLID], [ROPE_PERID], [ROPE_CREATEDBY], [ROPE_CREATEDDATE], [ROPE_MODIFIEDBY], [ROPE_MODIFIEDDATE], [ROPE_ISACTIVE], [ROPE_STATUS]) VALUES (28, 68, 1, NULL, NULL, NULL, CAST(N'2020-07-21T17:19:14.833' AS DateTime), 1, 1)
INSERT [dbo].[ROLE_PERMISSIONS] ([ROPE_ID], [ROPE_ROLID], [ROPE_PERID], [ROPE_CREATEDBY], [ROPE_CREATEDDATE], [ROPE_MODIFIEDBY], [ROPE_MODIFIEDDATE], [ROPE_ISACTIVE], [ROPE_STATUS]) VALUES (29, 69, 1, NULL, NULL, NULL, CAST(N'2020-07-21T17:19:14.840' AS DateTime), 1, 1)
INSERT [dbo].[ROLE_PERMISSIONS] ([ROPE_ID], [ROPE_ROLID], [ROPE_PERID], [ROPE_CREATEDBY], [ROPE_CREATEDDATE], [ROPE_MODIFIEDBY], [ROPE_MODIFIEDDATE], [ROPE_ISACTIVE], [ROPE_STATUS]) VALUES (30, 70, 1, NULL, NULL, NULL, CAST(N'2020-07-21T17:19:14.847' AS DateTime), 1, 1)
INSERT [dbo].[ROLE_PERMISSIONS] ([ROPE_ID], [ROPE_ROLID], [ROPE_PERID], [ROPE_CREATEDBY], [ROPE_CREATEDDATE], [ROPE_MODIFIEDBY], [ROPE_MODIFIEDDATE], [ROPE_ISACTIVE], [ROPE_STATUS]) VALUES (31, 71, 1, NULL, NULL, NULL, CAST(N'2020-07-21T17:19:14.853' AS DateTime), 1, 1)
INSERT [dbo].[ROLE_PERMISSIONS] ([ROPE_ID], [ROPE_ROLID], [ROPE_PERID], [ROPE_CREATEDBY], [ROPE_CREATEDDATE], [ROPE_MODIFIEDBY], [ROPE_MODIFIEDDATE], [ROPE_ISACTIVE], [ROPE_STATUS]) VALUES (32, 72, 1, NULL, NULL, NULL, CAST(N'2020-07-21T17:19:14.860' AS DateTime), 1, 1)
INSERT [dbo].[ROLE_PERMISSIONS] ([ROPE_ID], [ROPE_ROLID], [ROPE_PERID], [ROPE_CREATEDBY], [ROPE_CREATEDDATE], [ROPE_MODIFIEDBY], [ROPE_MODIFIEDDATE], [ROPE_ISACTIVE], [ROPE_STATUS]) VALUES (33, 73, 1, NULL, NULL, NULL, CAST(N'2020-07-21T17:19:14.867' AS DateTime), 1, 1)
INSERT [dbo].[ROLE_PERMISSIONS] ([ROPE_ID], [ROPE_ROLID], [ROPE_PERID], [ROPE_CREATEDBY], [ROPE_CREATEDDATE], [ROPE_MODIFIEDBY], [ROPE_MODIFIEDDATE], [ROPE_ISACTIVE], [ROPE_STATUS]) VALUES (34, 74, 1, NULL, NULL, NULL, CAST(N'2020-07-21T17:19:14.873' AS DateTime), 1, 1)
INSERT [dbo].[ROLE_PERMISSIONS] ([ROPE_ID], [ROPE_ROLID], [ROPE_PERID], [ROPE_CREATEDBY], [ROPE_CREATEDDATE], [ROPE_MODIFIEDBY], [ROPE_MODIFIEDDATE], [ROPE_ISACTIVE], [ROPE_STATUS]) VALUES (35, 75, 1, NULL, NULL, NULL, CAST(N'2020-07-21T17:19:14.883' AS DateTime), 1, 1)
INSERT [dbo].[ROLE_PERMISSIONS] ([ROPE_ID], [ROPE_ROLID], [ROPE_PERID], [ROPE_CREATEDBY], [ROPE_CREATEDDATE], [ROPE_MODIFIEDBY], [ROPE_MODIFIEDDATE], [ROPE_ISACTIVE], [ROPE_STATUS]) VALUES (36, 76, 1, NULL, NULL, NULL, CAST(N'2020-07-21T17:19:14.890' AS DateTime), 1, 1)
INSERT [dbo].[ROLE_PERMISSIONS] ([ROPE_ID], [ROPE_ROLID], [ROPE_PERID], [ROPE_CREATEDBY], [ROPE_CREATEDDATE], [ROPE_MODIFIEDBY], [ROPE_MODIFIEDDATE], [ROPE_ISACTIVE], [ROPE_STATUS]) VALUES (37, 80, 1, NULL, NULL, NULL, CAST(N'2020-07-21T17:19:14.897' AS DateTime), 1, 1)
INSERT [dbo].[ROLE_PERMISSIONS] ([ROPE_ID], [ROPE_ROLID], [ROPE_PERID], [ROPE_CREATEDBY], [ROPE_CREATEDDATE], [ROPE_MODIFIEDBY], [ROPE_MODIFIEDDATE], [ROPE_ISACTIVE], [ROPE_STATUS]) VALUES (38, 105, 1, NULL, NULL, NULL, CAST(N'2020-07-21T17:19:14.903' AS DateTime), 0, 1)
INSERT [dbo].[ROLE_PERMISSIONS] ([ROPE_ID], [ROPE_ROLID], [ROPE_PERID], [ROPE_CREATEDBY], [ROPE_CREATEDDATE], [ROPE_MODIFIEDBY], [ROPE_MODIFIEDDATE], [ROPE_ISACTIVE], [ROPE_STATUS]) VALUES (39, 84, 1, NULL, NULL, NULL, CAST(N'2020-07-21T17:19:14.910' AS DateTime), 1, 1)
INSERT [dbo].[ROLE_PERMISSIONS] ([ROPE_ID], [ROPE_ROLID], [ROPE_PERID], [ROPE_CREATEDBY], [ROPE_CREATEDDATE], [ROPE_MODIFIEDBY], [ROPE_MODIFIEDDATE], [ROPE_ISACTIVE], [ROPE_STATUS]) VALUES (40, 85, 1, NULL, NULL, NULL, CAST(N'2020-07-21T17:19:14.917' AS DateTime), 1, 1)
INSERT [dbo].[ROLE_PERMISSIONS] ([ROPE_ID], [ROPE_ROLID], [ROPE_PERID], [ROPE_CREATEDBY], [ROPE_CREATEDDATE], [ROPE_MODIFIEDBY], [ROPE_MODIFIEDDATE], [ROPE_ISACTIVE], [ROPE_STATUS]) VALUES (41, 86, 1, NULL, NULL, NULL, CAST(N'2020-07-21T17:19:14.923' AS DateTime), 1, 1)
INSERT [dbo].[ROLE_PERMISSIONS] ([ROPE_ID], [ROPE_ROLID], [ROPE_PERID], [ROPE_CREATEDBY], [ROPE_CREATEDDATE], [ROPE_MODIFIEDBY], [ROPE_MODIFIEDDATE], [ROPE_ISACTIVE], [ROPE_STATUS]) VALUES (42, 87, 1, NULL, NULL, NULL, CAST(N'2020-07-21T17:19:14.930' AS DateTime), 1, 1)
INSERT [dbo].[ROLE_PERMISSIONS] ([ROPE_ID], [ROPE_ROLID], [ROPE_PERID], [ROPE_CREATEDBY], [ROPE_CREATEDDATE], [ROPE_MODIFIEDBY], [ROPE_MODIFIEDDATE], [ROPE_ISACTIVE], [ROPE_STATUS]) VALUES (43, 88, 1, NULL, NULL, NULL, CAST(N'2020-07-21T17:19:14.937' AS DateTime), 1, 1)
INSERT [dbo].[ROLE_PERMISSIONS] ([ROPE_ID], [ROPE_ROLID], [ROPE_PERID], [ROPE_CREATEDBY], [ROPE_CREATEDDATE], [ROPE_MODIFIEDBY], [ROPE_MODIFIEDDATE], [ROPE_ISACTIVE], [ROPE_STATUS]) VALUES (44, 89, 1, NULL, NULL, NULL, CAST(N'2020-07-21T17:19:14.943' AS DateTime), 1, 1)
INSERT [dbo].[ROLE_PERMISSIONS] ([ROPE_ID], [ROPE_ROLID], [ROPE_PERID], [ROPE_CREATEDBY], [ROPE_CREATEDDATE], [ROPE_MODIFIEDBY], [ROPE_MODIFIEDDATE], [ROPE_ISACTIVE], [ROPE_STATUS]) VALUES (45, 90, 1, NULL, NULL, NULL, CAST(N'2020-07-21T17:19:14.950' AS DateTime), 1, 1)
INSERT [dbo].[ROLE_PERMISSIONS] ([ROPE_ID], [ROPE_ROLID], [ROPE_PERID], [ROPE_CREATEDBY], [ROPE_CREATEDDATE], [ROPE_MODIFIEDBY], [ROPE_MODIFIEDDATE], [ROPE_ISACTIVE], [ROPE_STATUS]) VALUES (46, 91, 1, NULL, NULL, NULL, CAST(N'2020-07-21T17:19:14.960' AS DateTime), 1, 1)
INSERT [dbo].[ROLE_PERMISSIONS] ([ROPE_ID], [ROPE_ROLID], [ROPE_PERID], [ROPE_CREATEDBY], [ROPE_CREATEDDATE], [ROPE_MODIFIEDBY], [ROPE_MODIFIEDDATE], [ROPE_ISACTIVE], [ROPE_STATUS]) VALUES (47, 92, 1, NULL, NULL, NULL, CAST(N'2020-07-21T17:19:14.967' AS DateTime), 1, 1)
INSERT [dbo].[ROLE_PERMISSIONS] ([ROPE_ID], [ROPE_ROLID], [ROPE_PERID], [ROPE_CREATEDBY], [ROPE_CREATEDDATE], [ROPE_MODIFIEDBY], [ROPE_MODIFIEDDATE], [ROPE_ISACTIVE], [ROPE_STATUS]) VALUES (48, 93, 1, NULL, NULL, NULL, CAST(N'2020-07-21T17:19:14.973' AS DateTime), 1, 1)
INSERT [dbo].[ROLE_PERMISSIONS] ([ROPE_ID], [ROPE_ROLID], [ROPE_PERID], [ROPE_CREATEDBY], [ROPE_CREATEDDATE], [ROPE_MODIFIEDBY], [ROPE_MODIFIEDDATE], [ROPE_ISACTIVE], [ROPE_STATUS]) VALUES (49, 94, 1, NULL, NULL, NULL, CAST(N'2020-07-21T17:19:14.980' AS DateTime), 1, 1)
INSERT [dbo].[ROLE_PERMISSIONS] ([ROPE_ID], [ROPE_ROLID], [ROPE_PERID], [ROPE_CREATEDBY], [ROPE_CREATEDDATE], [ROPE_MODIFIEDBY], [ROPE_MODIFIEDDATE], [ROPE_ISACTIVE], [ROPE_STATUS]) VALUES (50, 95, 1, NULL, NULL, NULL, CAST(N'2020-07-21T17:19:14.990' AS DateTime), 1, 1)
INSERT [dbo].[ROLE_PERMISSIONS] ([ROPE_ID], [ROPE_ROLID], [ROPE_PERID], [ROPE_CREATEDBY], [ROPE_CREATEDDATE], [ROPE_MODIFIEDBY], [ROPE_MODIFIEDDATE], [ROPE_ISACTIVE], [ROPE_STATUS]) VALUES (51, 6, 1, NULL, NULL, NULL, CAST(N'2020-07-21T17:19:14.997' AS DateTime), 1, 1)
INSERT [dbo].[ROLE_PERMISSIONS] ([ROPE_ID], [ROPE_ROLID], [ROPE_PERID], [ROPE_CREATEDBY], [ROPE_CREATEDDATE], [ROPE_MODIFIEDBY], [ROPE_MODIFIEDDATE], [ROPE_ISACTIVE], [ROPE_STATUS]) VALUES (52, 7, 1, NULL, NULL, NULL, CAST(N'2020-07-21T17:19:15.003' AS DateTime), 1, 1)
INSERT [dbo].[ROLE_PERMISSIONS] ([ROPE_ID], [ROPE_ROLID], [ROPE_PERID], [ROPE_CREATEDBY], [ROPE_CREATEDDATE], [ROPE_MODIFIEDBY], [ROPE_MODIFIEDDATE], [ROPE_ISACTIVE], [ROPE_STATUS]) VALUES (53, 8, 1, NULL, NULL, NULL, CAST(N'2020-07-21T17:19:15.017' AS DateTime), 1, 1)
INSERT [dbo].[ROLE_PERMISSIONS] ([ROPE_ID], [ROPE_ROLID], [ROPE_PERID], [ROPE_CREATEDBY], [ROPE_CREATEDDATE], [ROPE_MODIFIEDBY], [ROPE_MODIFIEDDATE], [ROPE_ISACTIVE], [ROPE_STATUS]) VALUES (54, 9, 1, NULL, NULL, NULL, CAST(N'2020-07-21T17:19:15.023' AS DateTime), 1, 1)
INSERT [dbo].[ROLE_PERMISSIONS] ([ROPE_ID], [ROPE_ROLID], [ROPE_PERID], [ROPE_CREATEDBY], [ROPE_CREATEDDATE], [ROPE_MODIFIEDBY], [ROPE_MODIFIEDDATE], [ROPE_ISACTIVE], [ROPE_STATUS]) VALUES (55, 11, 1, NULL, NULL, NULL, CAST(N'2020-07-21T17:19:15.030' AS DateTime), 1, 1)
INSERT [dbo].[ROLE_PERMISSIONS] ([ROPE_ID], [ROPE_ROLID], [ROPE_PERID], [ROPE_CREATEDBY], [ROPE_CREATEDDATE], [ROPE_MODIFIEDBY], [ROPE_MODIFIEDDATE], [ROPE_ISACTIVE], [ROPE_STATUS]) VALUES (56, 12, 1, NULL, NULL, NULL, CAST(N'2020-07-21T17:19:15.037' AS DateTime), 1, 1)
INSERT [dbo].[ROLE_PERMISSIONS] ([ROPE_ID], [ROPE_ROLID], [ROPE_PERID], [ROPE_CREATEDBY], [ROPE_CREATEDDATE], [ROPE_MODIFIEDBY], [ROPE_MODIFIEDDATE], [ROPE_ISACTIVE], [ROPE_STATUS]) VALUES (57, 13, 1, NULL, NULL, NULL, CAST(N'2020-07-21T17:19:15.043' AS DateTime), 1, 1)
INSERT [dbo].[ROLE_PERMISSIONS] ([ROPE_ID], [ROPE_ROLID], [ROPE_PERID], [ROPE_CREATEDBY], [ROPE_CREATEDDATE], [ROPE_MODIFIEDBY], [ROPE_MODIFIEDDATE], [ROPE_ISACTIVE], [ROPE_STATUS]) VALUES (58, 14, 1, NULL, NULL, NULL, CAST(N'2020-07-21T17:19:15.050' AS DateTime), 1, 1)
INSERT [dbo].[ROLE_PERMISSIONS] ([ROPE_ID], [ROPE_ROLID], [ROPE_PERID], [ROPE_CREATEDBY], [ROPE_CREATEDDATE], [ROPE_MODIFIEDBY], [ROPE_MODIFIEDDATE], [ROPE_ISACTIVE], [ROPE_STATUS]) VALUES (59, 21, 1, NULL, NULL, NULL, CAST(N'2020-07-21T17:19:15.057' AS DateTime), 1, 1)
INSERT [dbo].[ROLE_PERMISSIONS] ([ROPE_ID], [ROPE_ROLID], [ROPE_PERID], [ROPE_CREATEDBY], [ROPE_CREATEDDATE], [ROPE_MODIFIEDBY], [ROPE_MODIFIEDDATE], [ROPE_ISACTIVE], [ROPE_STATUS]) VALUES (60, 22, 1, NULL, NULL, NULL, CAST(N'2020-07-21T17:19:15.063' AS DateTime), 1, 1)
INSERT [dbo].[ROLE_PERMISSIONS] ([ROPE_ID], [ROPE_ROLID], [ROPE_PERID], [ROPE_CREATEDBY], [ROPE_CREATEDDATE], [ROPE_MODIFIEDBY], [ROPE_MODIFIEDDATE], [ROPE_ISACTIVE], [ROPE_STATUS]) VALUES (61, 23, 1, NULL, NULL, NULL, CAST(N'2020-07-21T17:19:15.070' AS DateTime), 1, 1)
INSERT [dbo].[ROLE_PERMISSIONS] ([ROPE_ID], [ROPE_ROLID], [ROPE_PERID], [ROPE_CREATEDBY], [ROPE_CREATEDDATE], [ROPE_MODIFIEDBY], [ROPE_MODIFIEDDATE], [ROPE_ISACTIVE], [ROPE_STATUS]) VALUES (62, 24, 1, NULL, NULL, NULL, CAST(N'2020-07-21T17:19:15.077' AS DateTime), 1, 1)
INSERT [dbo].[ROLE_PERMISSIONS] ([ROPE_ID], [ROPE_ROLID], [ROPE_PERID], [ROPE_CREATEDBY], [ROPE_CREATEDDATE], [ROPE_MODIFIEDBY], [ROPE_MODIFIEDDATE], [ROPE_ISACTIVE], [ROPE_STATUS]) VALUES (63, 26, 1, NULL, NULL, NULL, CAST(N'2020-07-21T17:19:15.083' AS DateTime), 1, 1)
INSERT [dbo].[ROLE_PERMISSIONS] ([ROPE_ID], [ROPE_ROLID], [ROPE_PERID], [ROPE_CREATEDBY], [ROPE_CREATEDDATE], [ROPE_MODIFIEDBY], [ROPE_MODIFIEDDATE], [ROPE_ISACTIVE], [ROPE_STATUS]) VALUES (64, 27, 1, NULL, NULL, NULL, CAST(N'2020-07-21T17:19:15.093' AS DateTime), 1, 1)
INSERT [dbo].[ROLE_PERMISSIONS] ([ROPE_ID], [ROPE_ROLID], [ROPE_PERID], [ROPE_CREATEDBY], [ROPE_CREATEDDATE], [ROPE_MODIFIEDBY], [ROPE_MODIFIEDDATE], [ROPE_ISACTIVE], [ROPE_STATUS]) VALUES (65, 28, 1, NULL, NULL, NULL, CAST(N'2020-07-21T17:19:15.100' AS DateTime), 1, 1)
INSERT [dbo].[ROLE_PERMISSIONS] ([ROPE_ID], [ROPE_ROLID], [ROPE_PERID], [ROPE_CREATEDBY], [ROPE_CREATEDDATE], [ROPE_MODIFIEDBY], [ROPE_MODIFIEDDATE], [ROPE_ISACTIVE], [ROPE_STATUS]) VALUES (66, 29, 1, NULL, NULL, NULL, CAST(N'2020-07-21T17:19:15.107' AS DateTime), 1, 1)
INSERT [dbo].[ROLE_PERMISSIONS] ([ROPE_ID], [ROPE_ROLID], [ROPE_PERID], [ROPE_CREATEDBY], [ROPE_CREATEDDATE], [ROPE_MODIFIEDBY], [ROPE_MODIFIEDDATE], [ROPE_ISACTIVE], [ROPE_STATUS]) VALUES (67, 96, 1, NULL, NULL, NULL, CAST(N'2020-07-21T17:19:15.113' AS DateTime), 1, 1)
INSERT [dbo].[ROLE_PERMISSIONS] ([ROPE_ID], [ROPE_ROLID], [ROPE_PERID], [ROPE_CREATEDBY], [ROPE_CREATEDDATE], [ROPE_MODIFIEDBY], [ROPE_MODIFIEDDATE], [ROPE_ISACTIVE], [ROPE_STATUS]) VALUES (68, 97, 1, NULL, NULL, NULL, CAST(N'2020-07-21T17:19:15.120' AS DateTime), 1, 1)
INSERT [dbo].[ROLE_PERMISSIONS] ([ROPE_ID], [ROPE_ROLID], [ROPE_PERID], [ROPE_CREATEDBY], [ROPE_CREATEDDATE], [ROPE_MODIFIEDBY], [ROPE_MODIFIEDDATE], [ROPE_ISACTIVE], [ROPE_STATUS]) VALUES (69, 98, 1, NULL, NULL, NULL, CAST(N'2020-07-21T17:19:15.127' AS DateTime), 1, 1)
INSERT [dbo].[ROLE_PERMISSIONS] ([ROPE_ID], [ROPE_ROLID], [ROPE_PERID], [ROPE_CREATEDBY], [ROPE_CREATEDDATE], [ROPE_MODIFIEDBY], [ROPE_MODIFIEDDATE], [ROPE_ISACTIVE], [ROPE_STATUS]) VALUES (70, 99, 1, NULL, NULL, NULL, CAST(N'2020-07-21T17:19:15.133' AS DateTime), 1, 1)
INSERT [dbo].[ROLE_PERMISSIONS] ([ROPE_ID], [ROPE_ROLID], [ROPE_PERID], [ROPE_CREATEDBY], [ROPE_CREATEDDATE], [ROPE_MODIFIEDBY], [ROPE_MODIFIEDDATE], [ROPE_ISACTIVE], [ROPE_STATUS]) VALUES (71, 100, 1, NULL, NULL, NULL, CAST(N'2020-07-21T17:19:15.140' AS DateTime), 1, 1)
INSERT [dbo].[ROLE_PERMISSIONS] ([ROPE_ID], [ROPE_ROLID], [ROPE_PERID], [ROPE_CREATEDBY], [ROPE_CREATEDDATE], [ROPE_MODIFIEDBY], [ROPE_MODIFIEDDATE], [ROPE_ISACTIVE], [ROPE_STATUS]) VALUES (72, 101, 1, NULL, NULL, NULL, CAST(N'2020-07-21T17:19:15.147' AS DateTime), 1, 1)
INSERT [dbo].[ROLE_PERMISSIONS] ([ROPE_ID], [ROPE_ROLID], [ROPE_PERID], [ROPE_CREATEDBY], [ROPE_CREATEDDATE], [ROPE_MODIFIEDBY], [ROPE_MODIFIEDDATE], [ROPE_ISACTIVE], [ROPE_STATUS]) VALUES (73, 102, 1, NULL, NULL, NULL, NULL, 1, 1)
INSERT [dbo].[ROLE_PERMISSIONS] ([ROPE_ID], [ROPE_ROLID], [ROPE_PERID], [ROPE_CREATEDBY], [ROPE_CREATEDDATE], [ROPE_MODIFIEDBY], [ROPE_MODIFIEDDATE], [ROPE_ISACTIVE], [ROPE_STATUS]) VALUES (74, 103, 1, NULL, NULL, NULL, NULL, 1, 1)
INSERT [dbo].[ROLE_PERMISSIONS] ([ROPE_ID], [ROPE_ROLID], [ROPE_PERID], [ROPE_CREATEDBY], [ROPE_CREATEDDATE], [ROPE_MODIFIEDBY], [ROPE_MODIFIEDDATE], [ROPE_ISACTIVE], [ROPE_STATUS]) VALUES (75, 104, 1, NULL, NULL, NULL, NULL, 1, 1)
INSERT [dbo].[ROLE_PERMISSIONS] ([ROPE_ID], [ROPE_ROLID], [ROPE_PERID], [ROPE_CREATEDBY], [ROPE_CREATEDDATE], [ROPE_MODIFIEDBY], [ROPE_MODIFIEDDATE], [ROPE_ISACTIVE], [ROPE_STATUS]) VALUES (78, 31, 7, NULL, NULL, NULL, NULL, 0, 1)
INSERT [dbo].[ROLE_PERMISSIONS] ([ROPE_ID], [ROPE_ROLID], [ROPE_PERID], [ROPE_CREATEDBY], [ROPE_CREATEDDATE], [ROPE_MODIFIEDBY], [ROPE_MODIFIEDDATE], [ROPE_ISACTIVE], [ROPE_STATUS]) VALUES (79, 32, 7, NULL, NULL, NULL, NULL, 0, 1)
INSERT [dbo].[ROLE_PERMISSIONS] ([ROPE_ID], [ROPE_ROLID], [ROPE_PERID], [ROPE_CREATEDBY], [ROPE_CREATEDDATE], [ROPE_MODIFIEDBY], [ROPE_MODIFIEDDATE], [ROPE_ISACTIVE], [ROPE_STATUS]) VALUES (80, 33, 7, NULL, NULL, NULL, NULL, 0, 1)
INSERT [dbo].[ROLE_PERMISSIONS] ([ROPE_ID], [ROPE_ROLID], [ROPE_PERID], [ROPE_CREATEDBY], [ROPE_CREATEDDATE], [ROPE_MODIFIEDBY], [ROPE_MODIFIEDDATE], [ROPE_ISACTIVE], [ROPE_STATUS]) VALUES (81, 34, 7, NULL, NULL, NULL, NULL, 0, 1)
INSERT [dbo].[ROLE_PERMISSIONS] ([ROPE_ID], [ROPE_ROLID], [ROPE_PERID], [ROPE_CREATEDBY], [ROPE_CREATEDDATE], [ROPE_MODIFIEDBY], [ROPE_MODIFIEDDATE], [ROPE_ISACTIVE], [ROPE_STATUS]) VALUES (82, 36, 7, NULL, NULL, NULL, NULL, 0, 1)
INSERT [dbo].[ROLE_PERMISSIONS] ([ROPE_ID], [ROPE_ROLID], [ROPE_PERID], [ROPE_CREATEDBY], [ROPE_CREATEDDATE], [ROPE_MODIFIEDBY], [ROPE_MODIFIEDDATE], [ROPE_ISACTIVE], [ROPE_STATUS]) VALUES (83, 37, 7, NULL, NULL, NULL, NULL, 0, 1)
INSERT [dbo].[ROLE_PERMISSIONS] ([ROPE_ID], [ROPE_ROLID], [ROPE_PERID], [ROPE_CREATEDBY], [ROPE_CREATEDDATE], [ROPE_MODIFIEDBY], [ROPE_MODIFIEDDATE], [ROPE_ISACTIVE], [ROPE_STATUS]) VALUES (84, 38, 7, NULL, NULL, NULL, NULL, 0, 1)
INSERT [dbo].[ROLE_PERMISSIONS] ([ROPE_ID], [ROPE_ROLID], [ROPE_PERID], [ROPE_CREATEDBY], [ROPE_CREATEDDATE], [ROPE_MODIFIEDBY], [ROPE_MODIFIEDDATE], [ROPE_ISACTIVE], [ROPE_STATUS]) VALUES (85, 39, 7, NULL, NULL, NULL, NULL, 0, 1)
INSERT [dbo].[ROLE_PERMISSIONS] ([ROPE_ID], [ROPE_ROLID], [ROPE_PERID], [ROPE_CREATEDBY], [ROPE_CREATEDDATE], [ROPE_MODIFIEDBY], [ROPE_MODIFIEDDATE], [ROPE_ISACTIVE], [ROPE_STATUS]) VALUES (86, 44, 7, NULL, NULL, NULL, NULL, 0, 1)
INSERT [dbo].[ROLE_PERMISSIONS] ([ROPE_ID], [ROPE_ROLID], [ROPE_PERID], [ROPE_CREATEDBY], [ROPE_CREATEDDATE], [ROPE_MODIFIEDBY], [ROPE_MODIFIEDDATE], [ROPE_ISACTIVE], [ROPE_STATUS]) VALUES (87, 45, 7, NULL, NULL, NULL, NULL, 0, 1)
INSERT [dbo].[ROLE_PERMISSIONS] ([ROPE_ID], [ROPE_ROLID], [ROPE_PERID], [ROPE_CREATEDBY], [ROPE_CREATEDDATE], [ROPE_MODIFIEDBY], [ROPE_MODIFIEDDATE], [ROPE_ISACTIVE], [ROPE_STATUS]) VALUES (88, 46, 7, NULL, NULL, NULL, NULL, 0, 1)
INSERT [dbo].[ROLE_PERMISSIONS] ([ROPE_ID], [ROPE_ROLID], [ROPE_PERID], [ROPE_CREATEDBY], [ROPE_CREATEDDATE], [ROPE_MODIFIEDBY], [ROPE_MODIFIEDDATE], [ROPE_ISACTIVE], [ROPE_STATUS]) VALUES (89, 47, 7, NULL, NULL, NULL, NULL, 0, 1)
INSERT [dbo].[ROLE_PERMISSIONS] ([ROPE_ID], [ROPE_ROLID], [ROPE_PERID], [ROPE_CREATEDBY], [ROPE_CREATEDDATE], [ROPE_MODIFIEDBY], [ROPE_MODIFIEDDATE], [ROPE_ISACTIVE], [ROPE_STATUS]) VALUES (90, 50, 7, NULL, NULL, NULL, NULL, 0, 1)
INSERT [dbo].[ROLE_PERMISSIONS] ([ROPE_ID], [ROPE_ROLID], [ROPE_PERID], [ROPE_CREATEDBY], [ROPE_CREATEDDATE], [ROPE_MODIFIEDBY], [ROPE_MODIFIEDDATE], [ROPE_ISACTIVE], [ROPE_STATUS]) VALUES (91, 51, 7, NULL, NULL, NULL, NULL, 0, 1)
INSERT [dbo].[ROLE_PERMISSIONS] ([ROPE_ID], [ROPE_ROLID], [ROPE_PERID], [ROPE_CREATEDBY], [ROPE_CREATEDDATE], [ROPE_MODIFIEDBY], [ROPE_MODIFIEDDATE], [ROPE_ISACTIVE], [ROPE_STATUS]) VALUES (92, 55, 7, NULL, NULL, NULL, NULL, 0, 1)
INSERT [dbo].[ROLE_PERMISSIONS] ([ROPE_ID], [ROPE_ROLID], [ROPE_PERID], [ROPE_CREATEDBY], [ROPE_CREATEDDATE], [ROPE_MODIFIEDBY], [ROPE_MODIFIEDDATE], [ROPE_ISACTIVE], [ROPE_STATUS]) VALUES (93, 56, 7, NULL, NULL, NULL, NULL, 0, 1)
INSERT [dbo].[ROLE_PERMISSIONS] ([ROPE_ID], [ROPE_ROLID], [ROPE_PERID], [ROPE_CREATEDBY], [ROPE_CREATEDDATE], [ROPE_MODIFIEDBY], [ROPE_MODIFIEDDATE], [ROPE_ISACTIVE], [ROPE_STATUS]) VALUES (94, 57, 7, NULL, NULL, NULL, NULL, 0, 1)
INSERT [dbo].[ROLE_PERMISSIONS] ([ROPE_ID], [ROPE_ROLID], [ROPE_PERID], [ROPE_CREATEDBY], [ROPE_CREATEDDATE], [ROPE_MODIFIEDBY], [ROPE_MODIFIEDDATE], [ROPE_ISACTIVE], [ROPE_STATUS]) VALUES (95, 58, 7, NULL, NULL, NULL, NULL, 0, 1)
INSERT [dbo].[ROLE_PERMISSIONS] ([ROPE_ID], [ROPE_ROLID], [ROPE_PERID], [ROPE_CREATEDBY], [ROPE_CREATEDDATE], [ROPE_MODIFIEDBY], [ROPE_MODIFIEDDATE], [ROPE_ISACTIVE], [ROPE_STATUS]) VALUES (96, 59, 7, NULL, NULL, NULL, NULL, 1, 1)
INSERT [dbo].[ROLE_PERMISSIONS] ([ROPE_ID], [ROPE_ROLID], [ROPE_PERID], [ROPE_CREATEDBY], [ROPE_CREATEDDATE], [ROPE_MODIFIEDBY], [ROPE_MODIFIEDDATE], [ROPE_ISACTIVE], [ROPE_STATUS]) VALUES (97, 60, 7, NULL, NULL, NULL, NULL, 0, 1)
INSERT [dbo].[ROLE_PERMISSIONS] ([ROPE_ID], [ROPE_ROLID], [ROPE_PERID], [ROPE_CREATEDBY], [ROPE_CREATEDDATE], [ROPE_MODIFIEDBY], [ROPE_MODIFIEDDATE], [ROPE_ISACTIVE], [ROPE_STATUS]) VALUES (98, 61, 7, NULL, NULL, NULL, NULL, 0, 1)
INSERT [dbo].[ROLE_PERMISSIONS] ([ROPE_ID], [ROPE_ROLID], [ROPE_PERID], [ROPE_CREATEDBY], [ROPE_CREATEDDATE], [ROPE_MODIFIEDBY], [ROPE_MODIFIEDDATE], [ROPE_ISACTIVE], [ROPE_STATUS]) VALUES (99, 62, 7, NULL, NULL, NULL, NULL, 0, 1)
INSERT [dbo].[ROLE_PERMISSIONS] ([ROPE_ID], [ROPE_ROLID], [ROPE_PERID], [ROPE_CREATEDBY], [ROPE_CREATEDDATE], [ROPE_MODIFIEDBY], [ROPE_MODIFIEDDATE], [ROPE_ISACTIVE], [ROPE_STATUS]) VALUES (100, 63, 7, NULL, NULL, NULL, NULL, 0, 1)
INSERT [dbo].[ROLE_PERMISSIONS] ([ROPE_ID], [ROPE_ROLID], [ROPE_PERID], [ROPE_CREATEDBY], [ROPE_CREATEDDATE], [ROPE_MODIFIEDBY], [ROPE_MODIFIEDDATE], [ROPE_ISACTIVE], [ROPE_STATUS]) VALUES (101, 64, 7, NULL, NULL, NULL, NULL, 0, 1)
GO
INSERT [dbo].[ROLE_PERMISSIONS] ([ROPE_ID], [ROPE_ROLID], [ROPE_PERID], [ROPE_CREATEDBY], [ROPE_CREATEDDATE], [ROPE_MODIFIEDBY], [ROPE_MODIFIEDDATE], [ROPE_ISACTIVE], [ROPE_STATUS]) VALUES (102, 65, 7, NULL, NULL, NULL, NULL, 0, 1)
INSERT [dbo].[ROLE_PERMISSIONS] ([ROPE_ID], [ROPE_ROLID], [ROPE_PERID], [ROPE_CREATEDBY], [ROPE_CREATEDDATE], [ROPE_MODIFIEDBY], [ROPE_MODIFIEDDATE], [ROPE_ISACTIVE], [ROPE_STATUS]) VALUES (103, 66, 7, NULL, NULL, NULL, NULL, 0, 1)
INSERT [dbo].[ROLE_PERMISSIONS] ([ROPE_ID], [ROPE_ROLID], [ROPE_PERID], [ROPE_CREATEDBY], [ROPE_CREATEDDATE], [ROPE_MODIFIEDBY], [ROPE_MODIFIEDDATE], [ROPE_ISACTIVE], [ROPE_STATUS]) VALUES (104, 67, 7, NULL, NULL, NULL, NULL, 0, 1)
INSERT [dbo].[ROLE_PERMISSIONS] ([ROPE_ID], [ROPE_ROLID], [ROPE_PERID], [ROPE_CREATEDBY], [ROPE_CREATEDDATE], [ROPE_MODIFIEDBY], [ROPE_MODIFIEDDATE], [ROPE_ISACTIVE], [ROPE_STATUS]) VALUES (105, 68, 7, NULL, NULL, NULL, NULL, 0, 1)
INSERT [dbo].[ROLE_PERMISSIONS] ([ROPE_ID], [ROPE_ROLID], [ROPE_PERID], [ROPE_CREATEDBY], [ROPE_CREATEDDATE], [ROPE_MODIFIEDBY], [ROPE_MODIFIEDDATE], [ROPE_ISACTIVE], [ROPE_STATUS]) VALUES (106, 69, 7, NULL, NULL, NULL, NULL, 0, 1)
INSERT [dbo].[ROLE_PERMISSIONS] ([ROPE_ID], [ROPE_ROLID], [ROPE_PERID], [ROPE_CREATEDBY], [ROPE_CREATEDDATE], [ROPE_MODIFIEDBY], [ROPE_MODIFIEDDATE], [ROPE_ISACTIVE], [ROPE_STATUS]) VALUES (107, 70, 7, NULL, NULL, NULL, NULL, 0, 1)
INSERT [dbo].[ROLE_PERMISSIONS] ([ROPE_ID], [ROPE_ROLID], [ROPE_PERID], [ROPE_CREATEDBY], [ROPE_CREATEDDATE], [ROPE_MODIFIEDBY], [ROPE_MODIFIEDDATE], [ROPE_ISACTIVE], [ROPE_STATUS]) VALUES (108, 71, 7, NULL, NULL, NULL, NULL, 0, 1)
INSERT [dbo].[ROLE_PERMISSIONS] ([ROPE_ID], [ROPE_ROLID], [ROPE_PERID], [ROPE_CREATEDBY], [ROPE_CREATEDDATE], [ROPE_MODIFIEDBY], [ROPE_MODIFIEDDATE], [ROPE_ISACTIVE], [ROPE_STATUS]) VALUES (109, 72, 7, NULL, NULL, NULL, NULL, 0, 1)
INSERT [dbo].[ROLE_PERMISSIONS] ([ROPE_ID], [ROPE_ROLID], [ROPE_PERID], [ROPE_CREATEDBY], [ROPE_CREATEDDATE], [ROPE_MODIFIEDBY], [ROPE_MODIFIEDDATE], [ROPE_ISACTIVE], [ROPE_STATUS]) VALUES (110, 73, 7, NULL, NULL, NULL, NULL, 0, 1)
INSERT [dbo].[ROLE_PERMISSIONS] ([ROPE_ID], [ROPE_ROLID], [ROPE_PERID], [ROPE_CREATEDBY], [ROPE_CREATEDDATE], [ROPE_MODIFIEDBY], [ROPE_MODIFIEDDATE], [ROPE_ISACTIVE], [ROPE_STATUS]) VALUES (111, 74, 7, NULL, NULL, NULL, NULL, 0, 1)
INSERT [dbo].[ROLE_PERMISSIONS] ([ROPE_ID], [ROPE_ROLID], [ROPE_PERID], [ROPE_CREATEDBY], [ROPE_CREATEDDATE], [ROPE_MODIFIEDBY], [ROPE_MODIFIEDDATE], [ROPE_ISACTIVE], [ROPE_STATUS]) VALUES (112, 75, 7, NULL, NULL, NULL, NULL, 0, 1)
INSERT [dbo].[ROLE_PERMISSIONS] ([ROPE_ID], [ROPE_ROLID], [ROPE_PERID], [ROPE_CREATEDBY], [ROPE_CREATEDDATE], [ROPE_MODIFIEDBY], [ROPE_MODIFIEDDATE], [ROPE_ISACTIVE], [ROPE_STATUS]) VALUES (113, 76, 7, NULL, NULL, NULL, NULL, 0, 1)
INSERT [dbo].[ROLE_PERMISSIONS] ([ROPE_ID], [ROPE_ROLID], [ROPE_PERID], [ROPE_CREATEDBY], [ROPE_CREATEDDATE], [ROPE_MODIFIEDBY], [ROPE_MODIFIEDDATE], [ROPE_ISACTIVE], [ROPE_STATUS]) VALUES (114, 80, 7, NULL, NULL, NULL, NULL, 0, 1)
INSERT [dbo].[ROLE_PERMISSIONS] ([ROPE_ID], [ROPE_ROLID], [ROPE_PERID], [ROPE_CREATEDBY], [ROPE_CREATEDDATE], [ROPE_MODIFIEDBY], [ROPE_MODIFIEDDATE], [ROPE_ISACTIVE], [ROPE_STATUS]) VALUES (115, 105, 7, NULL, NULL, NULL, NULL, 1, 1)
INSERT [dbo].[ROLE_PERMISSIONS] ([ROPE_ID], [ROPE_ROLID], [ROPE_PERID], [ROPE_CREATEDBY], [ROPE_CREATEDDATE], [ROPE_MODIFIEDBY], [ROPE_MODIFIEDDATE], [ROPE_ISACTIVE], [ROPE_STATUS]) VALUES (116, 84, 7, NULL, NULL, NULL, NULL, 0, 1)
INSERT [dbo].[ROLE_PERMISSIONS] ([ROPE_ID], [ROPE_ROLID], [ROPE_PERID], [ROPE_CREATEDBY], [ROPE_CREATEDDATE], [ROPE_MODIFIEDBY], [ROPE_MODIFIEDDATE], [ROPE_ISACTIVE], [ROPE_STATUS]) VALUES (117, 85, 7, NULL, NULL, NULL, NULL, 0, 1)
INSERT [dbo].[ROLE_PERMISSIONS] ([ROPE_ID], [ROPE_ROLID], [ROPE_PERID], [ROPE_CREATEDBY], [ROPE_CREATEDDATE], [ROPE_MODIFIEDBY], [ROPE_MODIFIEDDATE], [ROPE_ISACTIVE], [ROPE_STATUS]) VALUES (118, 86, 7, NULL, NULL, NULL, NULL, 0, 1)
INSERT [dbo].[ROLE_PERMISSIONS] ([ROPE_ID], [ROPE_ROLID], [ROPE_PERID], [ROPE_CREATEDBY], [ROPE_CREATEDDATE], [ROPE_MODIFIEDBY], [ROPE_MODIFIEDDATE], [ROPE_ISACTIVE], [ROPE_STATUS]) VALUES (119, 87, 7, NULL, NULL, NULL, NULL, 0, 1)
INSERT [dbo].[ROLE_PERMISSIONS] ([ROPE_ID], [ROPE_ROLID], [ROPE_PERID], [ROPE_CREATEDBY], [ROPE_CREATEDDATE], [ROPE_MODIFIEDBY], [ROPE_MODIFIEDDATE], [ROPE_ISACTIVE], [ROPE_STATUS]) VALUES (120, 88, 7, NULL, NULL, NULL, NULL, 0, 1)
INSERT [dbo].[ROLE_PERMISSIONS] ([ROPE_ID], [ROPE_ROLID], [ROPE_PERID], [ROPE_CREATEDBY], [ROPE_CREATEDDATE], [ROPE_MODIFIEDBY], [ROPE_MODIFIEDDATE], [ROPE_ISACTIVE], [ROPE_STATUS]) VALUES (121, 89, 7, NULL, NULL, NULL, NULL, 0, 1)
INSERT [dbo].[ROLE_PERMISSIONS] ([ROPE_ID], [ROPE_ROLID], [ROPE_PERID], [ROPE_CREATEDBY], [ROPE_CREATEDDATE], [ROPE_MODIFIEDBY], [ROPE_MODIFIEDDATE], [ROPE_ISACTIVE], [ROPE_STATUS]) VALUES (122, 90, 7, NULL, NULL, NULL, NULL, 0, 1)
INSERT [dbo].[ROLE_PERMISSIONS] ([ROPE_ID], [ROPE_ROLID], [ROPE_PERID], [ROPE_CREATEDBY], [ROPE_CREATEDDATE], [ROPE_MODIFIEDBY], [ROPE_MODIFIEDDATE], [ROPE_ISACTIVE], [ROPE_STATUS]) VALUES (123, 91, 7, NULL, NULL, NULL, NULL, 0, 1)
INSERT [dbo].[ROLE_PERMISSIONS] ([ROPE_ID], [ROPE_ROLID], [ROPE_PERID], [ROPE_CREATEDBY], [ROPE_CREATEDDATE], [ROPE_MODIFIEDBY], [ROPE_MODIFIEDDATE], [ROPE_ISACTIVE], [ROPE_STATUS]) VALUES (124, 92, 7, NULL, NULL, NULL, NULL, 0, 1)
INSERT [dbo].[ROLE_PERMISSIONS] ([ROPE_ID], [ROPE_ROLID], [ROPE_PERID], [ROPE_CREATEDBY], [ROPE_CREATEDDATE], [ROPE_MODIFIEDBY], [ROPE_MODIFIEDDATE], [ROPE_ISACTIVE], [ROPE_STATUS]) VALUES (125, 93, 7, NULL, NULL, NULL, NULL, 0, 1)
INSERT [dbo].[ROLE_PERMISSIONS] ([ROPE_ID], [ROPE_ROLID], [ROPE_PERID], [ROPE_CREATEDBY], [ROPE_CREATEDDATE], [ROPE_MODIFIEDBY], [ROPE_MODIFIEDDATE], [ROPE_ISACTIVE], [ROPE_STATUS]) VALUES (126, 94, 7, NULL, NULL, NULL, NULL, 0, 1)
INSERT [dbo].[ROLE_PERMISSIONS] ([ROPE_ID], [ROPE_ROLID], [ROPE_PERID], [ROPE_CREATEDBY], [ROPE_CREATEDDATE], [ROPE_MODIFIEDBY], [ROPE_MODIFIEDDATE], [ROPE_ISACTIVE], [ROPE_STATUS]) VALUES (127, 95, 7, NULL, NULL, NULL, NULL, 0, 1)
INSERT [dbo].[ROLE_PERMISSIONS] ([ROPE_ID], [ROPE_ROLID], [ROPE_PERID], [ROPE_CREATEDBY], [ROPE_CREATEDDATE], [ROPE_MODIFIEDBY], [ROPE_MODIFIEDDATE], [ROPE_ISACTIVE], [ROPE_STATUS]) VALUES (128, 6, 7, NULL, NULL, NULL, NULL, 1, 1)
INSERT [dbo].[ROLE_PERMISSIONS] ([ROPE_ID], [ROPE_ROLID], [ROPE_PERID], [ROPE_CREATEDBY], [ROPE_CREATEDDATE], [ROPE_MODIFIEDBY], [ROPE_MODIFIEDDATE], [ROPE_ISACTIVE], [ROPE_STATUS]) VALUES (129, 7, 7, NULL, NULL, NULL, NULL, 0, 1)
INSERT [dbo].[ROLE_PERMISSIONS] ([ROPE_ID], [ROPE_ROLID], [ROPE_PERID], [ROPE_CREATEDBY], [ROPE_CREATEDDATE], [ROPE_MODIFIEDBY], [ROPE_MODIFIEDDATE], [ROPE_ISACTIVE], [ROPE_STATUS]) VALUES (130, 8, 7, NULL, NULL, NULL, NULL, 1, 1)
INSERT [dbo].[ROLE_PERMISSIONS] ([ROPE_ID], [ROPE_ROLID], [ROPE_PERID], [ROPE_CREATEDBY], [ROPE_CREATEDDATE], [ROPE_MODIFIEDBY], [ROPE_MODIFIEDDATE], [ROPE_ISACTIVE], [ROPE_STATUS]) VALUES (131, 9, 7, NULL, NULL, NULL, NULL, 0, 1)
INSERT [dbo].[ROLE_PERMISSIONS] ([ROPE_ID], [ROPE_ROLID], [ROPE_PERID], [ROPE_CREATEDBY], [ROPE_CREATEDDATE], [ROPE_MODIFIEDBY], [ROPE_MODIFIEDDATE], [ROPE_ISACTIVE], [ROPE_STATUS]) VALUES (132, 11, 7, NULL, NULL, NULL, NULL, 1, 1)
INSERT [dbo].[ROLE_PERMISSIONS] ([ROPE_ID], [ROPE_ROLID], [ROPE_PERID], [ROPE_CREATEDBY], [ROPE_CREATEDDATE], [ROPE_MODIFIEDBY], [ROPE_MODIFIEDDATE], [ROPE_ISACTIVE], [ROPE_STATUS]) VALUES (133, 12, 7, NULL, NULL, NULL, NULL, 1, 1)
INSERT [dbo].[ROLE_PERMISSIONS] ([ROPE_ID], [ROPE_ROLID], [ROPE_PERID], [ROPE_CREATEDBY], [ROPE_CREATEDDATE], [ROPE_MODIFIEDBY], [ROPE_MODIFIEDDATE], [ROPE_ISACTIVE], [ROPE_STATUS]) VALUES (134, 13, 7, NULL, NULL, NULL, NULL, 1, 1)
INSERT [dbo].[ROLE_PERMISSIONS] ([ROPE_ID], [ROPE_ROLID], [ROPE_PERID], [ROPE_CREATEDBY], [ROPE_CREATEDDATE], [ROPE_MODIFIEDBY], [ROPE_MODIFIEDDATE], [ROPE_ISACTIVE], [ROPE_STATUS]) VALUES (135, 14, 7, NULL, NULL, NULL, NULL, 1, 1)
INSERT [dbo].[ROLE_PERMISSIONS] ([ROPE_ID], [ROPE_ROLID], [ROPE_PERID], [ROPE_CREATEDBY], [ROPE_CREATEDDATE], [ROPE_MODIFIEDBY], [ROPE_MODIFIEDDATE], [ROPE_ISACTIVE], [ROPE_STATUS]) VALUES (136, 21, 7, NULL, NULL, NULL, NULL, 1, 1)
INSERT [dbo].[ROLE_PERMISSIONS] ([ROPE_ID], [ROPE_ROLID], [ROPE_PERID], [ROPE_CREATEDBY], [ROPE_CREATEDDATE], [ROPE_MODIFIEDBY], [ROPE_MODIFIEDDATE], [ROPE_ISACTIVE], [ROPE_STATUS]) VALUES (137, 22, 7, NULL, NULL, NULL, NULL, 1, 1)
INSERT [dbo].[ROLE_PERMISSIONS] ([ROPE_ID], [ROPE_ROLID], [ROPE_PERID], [ROPE_CREATEDBY], [ROPE_CREATEDDATE], [ROPE_MODIFIEDBY], [ROPE_MODIFIEDDATE], [ROPE_ISACTIVE], [ROPE_STATUS]) VALUES (138, 23, 7, NULL, NULL, NULL, NULL, 1, 1)
INSERT [dbo].[ROLE_PERMISSIONS] ([ROPE_ID], [ROPE_ROLID], [ROPE_PERID], [ROPE_CREATEDBY], [ROPE_CREATEDDATE], [ROPE_MODIFIEDBY], [ROPE_MODIFIEDDATE], [ROPE_ISACTIVE], [ROPE_STATUS]) VALUES (139, 24, 7, NULL, NULL, NULL, NULL, 1, 1)
INSERT [dbo].[ROLE_PERMISSIONS] ([ROPE_ID], [ROPE_ROLID], [ROPE_PERID], [ROPE_CREATEDBY], [ROPE_CREATEDDATE], [ROPE_MODIFIEDBY], [ROPE_MODIFIEDDATE], [ROPE_ISACTIVE], [ROPE_STATUS]) VALUES (140, 26, 7, NULL, NULL, NULL, NULL, 1, 1)
INSERT [dbo].[ROLE_PERMISSIONS] ([ROPE_ID], [ROPE_ROLID], [ROPE_PERID], [ROPE_CREATEDBY], [ROPE_CREATEDDATE], [ROPE_MODIFIEDBY], [ROPE_MODIFIEDDATE], [ROPE_ISACTIVE], [ROPE_STATUS]) VALUES (141, 27, 7, NULL, NULL, NULL, NULL, 1, 1)
INSERT [dbo].[ROLE_PERMISSIONS] ([ROPE_ID], [ROPE_ROLID], [ROPE_PERID], [ROPE_CREATEDBY], [ROPE_CREATEDDATE], [ROPE_MODIFIEDBY], [ROPE_MODIFIEDDATE], [ROPE_ISACTIVE], [ROPE_STATUS]) VALUES (142, 28, 7, NULL, NULL, NULL, NULL, 1, 1)
INSERT [dbo].[ROLE_PERMISSIONS] ([ROPE_ID], [ROPE_ROLID], [ROPE_PERID], [ROPE_CREATEDBY], [ROPE_CREATEDDATE], [ROPE_MODIFIEDBY], [ROPE_MODIFIEDDATE], [ROPE_ISACTIVE], [ROPE_STATUS]) VALUES (143, 29, 7, NULL, NULL, NULL, NULL, 1, 1)
INSERT [dbo].[ROLE_PERMISSIONS] ([ROPE_ID], [ROPE_ROLID], [ROPE_PERID], [ROPE_CREATEDBY], [ROPE_CREATEDDATE], [ROPE_MODIFIEDBY], [ROPE_MODIFIEDDATE], [ROPE_ISACTIVE], [ROPE_STATUS]) VALUES (144, 96, 7, NULL, NULL, NULL, NULL, 1, 1)
INSERT [dbo].[ROLE_PERMISSIONS] ([ROPE_ID], [ROPE_ROLID], [ROPE_PERID], [ROPE_CREATEDBY], [ROPE_CREATEDDATE], [ROPE_MODIFIEDBY], [ROPE_MODIFIEDDATE], [ROPE_ISACTIVE], [ROPE_STATUS]) VALUES (145, 97, 7, NULL, NULL, NULL, NULL, 1, 1)
INSERT [dbo].[ROLE_PERMISSIONS] ([ROPE_ID], [ROPE_ROLID], [ROPE_PERID], [ROPE_CREATEDBY], [ROPE_CREATEDDATE], [ROPE_MODIFIEDBY], [ROPE_MODIFIEDDATE], [ROPE_ISACTIVE], [ROPE_STATUS]) VALUES (146, 98, 7, NULL, NULL, NULL, NULL, 1, 1)
INSERT [dbo].[ROLE_PERMISSIONS] ([ROPE_ID], [ROPE_ROLID], [ROPE_PERID], [ROPE_CREATEDBY], [ROPE_CREATEDDATE], [ROPE_MODIFIEDBY], [ROPE_MODIFIEDDATE], [ROPE_ISACTIVE], [ROPE_STATUS]) VALUES (147, 99, 7, NULL, NULL, NULL, NULL, 1, 1)
INSERT [dbo].[ROLE_PERMISSIONS] ([ROPE_ID], [ROPE_ROLID], [ROPE_PERID], [ROPE_CREATEDBY], [ROPE_CREATEDDATE], [ROPE_MODIFIEDBY], [ROPE_MODIFIEDDATE], [ROPE_ISACTIVE], [ROPE_STATUS]) VALUES (148, 100, 7, NULL, NULL, NULL, NULL, 0, 1)
INSERT [dbo].[ROLE_PERMISSIONS] ([ROPE_ID], [ROPE_ROLID], [ROPE_PERID], [ROPE_CREATEDBY], [ROPE_CREATEDDATE], [ROPE_MODIFIEDBY], [ROPE_MODIFIEDDATE], [ROPE_ISACTIVE], [ROPE_STATUS]) VALUES (150, 101, 7, NULL, NULL, NULL, NULL, 0, 1)
INSERT [dbo].[ROLE_PERMISSIONS] ([ROPE_ID], [ROPE_ROLID], [ROPE_PERID], [ROPE_CREATEDBY], [ROPE_CREATEDDATE], [ROPE_MODIFIEDBY], [ROPE_MODIFIEDDATE], [ROPE_ISACTIVE], [ROPE_STATUS]) VALUES (151, 102, 7, NULL, NULL, NULL, NULL, 0, 1)
INSERT [dbo].[ROLE_PERMISSIONS] ([ROPE_ID], [ROPE_ROLID], [ROPE_PERID], [ROPE_CREATEDBY], [ROPE_CREATEDDATE], [ROPE_MODIFIEDBY], [ROPE_MODIFIEDDATE], [ROPE_ISACTIVE], [ROPE_STATUS]) VALUES (152, 103, 7, NULL, NULL, NULL, NULL, 0, 1)
INSERT [dbo].[ROLE_PERMISSIONS] ([ROPE_ID], [ROPE_ROLID], [ROPE_PERID], [ROPE_CREATEDBY], [ROPE_CREATEDDATE], [ROPE_MODIFIEDBY], [ROPE_MODIFIEDDATE], [ROPE_ISACTIVE], [ROPE_STATUS]) VALUES (153, 104, 7, NULL, NULL, NULL, NULL, 0, 1)
INSERT [dbo].[ROLE_PERMISSIONS] ([ROPE_ID], [ROPE_ROLID], [ROPE_PERID], [ROPE_CREATEDBY], [ROPE_CREATEDDATE], [ROPE_MODIFIEDBY], [ROPE_MODIFIEDDATE], [ROPE_ISACTIVE], [ROPE_STATUS]) VALUES (10002, 31, 9, NULL, NULL, NULL, NULL, 1, 1)
INSERT [dbo].[ROLE_PERMISSIONS] ([ROPE_ID], [ROPE_ROLID], [ROPE_PERID], [ROPE_CREATEDBY], [ROPE_CREATEDDATE], [ROPE_MODIFIEDBY], [ROPE_MODIFIEDDATE], [ROPE_ISACTIVE], [ROPE_STATUS]) VALUES (10003, 32, 9, NULL, NULL, NULL, NULL, 0, 1)
INSERT [dbo].[ROLE_PERMISSIONS] ([ROPE_ID], [ROPE_ROLID], [ROPE_PERID], [ROPE_CREATEDBY], [ROPE_CREATEDDATE], [ROPE_MODIFIEDBY], [ROPE_MODIFIEDDATE], [ROPE_ISACTIVE], [ROPE_STATUS]) VALUES (10004, 33, 9, NULL, NULL, NULL, NULL, 1, 1)
INSERT [dbo].[ROLE_PERMISSIONS] ([ROPE_ID], [ROPE_ROLID], [ROPE_PERID], [ROPE_CREATEDBY], [ROPE_CREATEDDATE], [ROPE_MODIFIEDBY], [ROPE_MODIFIEDDATE], [ROPE_ISACTIVE], [ROPE_STATUS]) VALUES (10005, 34, 9, NULL, NULL, NULL, NULL, 0, 1)
INSERT [dbo].[ROLE_PERMISSIONS] ([ROPE_ID], [ROPE_ROLID], [ROPE_PERID], [ROPE_CREATEDBY], [ROPE_CREATEDDATE], [ROPE_MODIFIEDBY], [ROPE_MODIFIEDDATE], [ROPE_ISACTIVE], [ROPE_STATUS]) VALUES (10007, 36, 9, NULL, NULL, NULL, NULL, 0, 1)
INSERT [dbo].[ROLE_PERMISSIONS] ([ROPE_ID], [ROPE_ROLID], [ROPE_PERID], [ROPE_CREATEDBY], [ROPE_CREATEDDATE], [ROPE_MODIFIEDBY], [ROPE_MODIFIEDDATE], [ROPE_ISACTIVE], [ROPE_STATUS]) VALUES (10008, 37, 9, NULL, NULL, NULL, NULL, 0, 1)
INSERT [dbo].[ROLE_PERMISSIONS] ([ROPE_ID], [ROPE_ROLID], [ROPE_PERID], [ROPE_CREATEDBY], [ROPE_CREATEDDATE], [ROPE_MODIFIEDBY], [ROPE_MODIFIEDDATE], [ROPE_ISACTIVE], [ROPE_STATUS]) VALUES (10009, 38, 9, NULL, NULL, NULL, NULL, 0, 1)
INSERT [dbo].[ROLE_PERMISSIONS] ([ROPE_ID], [ROPE_ROLID], [ROPE_PERID], [ROPE_CREATEDBY], [ROPE_CREATEDDATE], [ROPE_MODIFIEDBY], [ROPE_MODIFIEDDATE], [ROPE_ISACTIVE], [ROPE_STATUS]) VALUES (10010, 39, 9, NULL, NULL, NULL, NULL, 0, 1)
INSERT [dbo].[ROLE_PERMISSIONS] ([ROPE_ID], [ROPE_ROLID], [ROPE_PERID], [ROPE_CREATEDBY], [ROPE_CREATEDDATE], [ROPE_MODIFIEDBY], [ROPE_MODIFIEDDATE], [ROPE_ISACTIVE], [ROPE_STATUS]) VALUES (10011, 44, 9, NULL, NULL, NULL, NULL, 1, 1)
INSERT [dbo].[ROLE_PERMISSIONS] ([ROPE_ID], [ROPE_ROLID], [ROPE_PERID], [ROPE_CREATEDBY], [ROPE_CREATEDDATE], [ROPE_MODIFIEDBY], [ROPE_MODIFIEDDATE], [ROPE_ISACTIVE], [ROPE_STATUS]) VALUES (10012, 45, 9, NULL, NULL, NULL, NULL, 1, 1)
INSERT [dbo].[ROLE_PERMISSIONS] ([ROPE_ID], [ROPE_ROLID], [ROPE_PERID], [ROPE_CREATEDBY], [ROPE_CREATEDDATE], [ROPE_MODIFIEDBY], [ROPE_MODIFIEDDATE], [ROPE_ISACTIVE], [ROPE_STATUS]) VALUES (10013, 46, 9, NULL, NULL, NULL, NULL, 1, 1)
INSERT [dbo].[ROLE_PERMISSIONS] ([ROPE_ID], [ROPE_ROLID], [ROPE_PERID], [ROPE_CREATEDBY], [ROPE_CREATEDDATE], [ROPE_MODIFIEDBY], [ROPE_MODIFIEDDATE], [ROPE_ISACTIVE], [ROPE_STATUS]) VALUES (10014, 47, 9, NULL, NULL, NULL, NULL, 1, 1)
INSERT [dbo].[ROLE_PERMISSIONS] ([ROPE_ID], [ROPE_ROLID], [ROPE_PERID], [ROPE_CREATEDBY], [ROPE_CREATEDDATE], [ROPE_MODIFIEDBY], [ROPE_MODIFIEDDATE], [ROPE_ISACTIVE], [ROPE_STATUS]) VALUES (10015, 50, 9, NULL, NULL, NULL, NULL, 0, 1)
INSERT [dbo].[ROLE_PERMISSIONS] ([ROPE_ID], [ROPE_ROLID], [ROPE_PERID], [ROPE_CREATEDBY], [ROPE_CREATEDDATE], [ROPE_MODIFIEDBY], [ROPE_MODIFIEDDATE], [ROPE_ISACTIVE], [ROPE_STATUS]) VALUES (10016, 51, 9, NULL, NULL, NULL, NULL, 0, 1)
INSERT [dbo].[ROLE_PERMISSIONS] ([ROPE_ID], [ROPE_ROLID], [ROPE_PERID], [ROPE_CREATEDBY], [ROPE_CREATEDDATE], [ROPE_MODIFIEDBY], [ROPE_MODIFIEDDATE], [ROPE_ISACTIVE], [ROPE_STATUS]) VALUES (10017, 55, 9, NULL, NULL, NULL, NULL, 0, 1)
INSERT [dbo].[ROLE_PERMISSIONS] ([ROPE_ID], [ROPE_ROLID], [ROPE_PERID], [ROPE_CREATEDBY], [ROPE_CREATEDDATE], [ROPE_MODIFIEDBY], [ROPE_MODIFIEDDATE], [ROPE_ISACTIVE], [ROPE_STATUS]) VALUES (10018, 56, 9, NULL, NULL, NULL, NULL, 0, 1)
INSERT [dbo].[ROLE_PERMISSIONS] ([ROPE_ID], [ROPE_ROLID], [ROPE_PERID], [ROPE_CREATEDBY], [ROPE_CREATEDDATE], [ROPE_MODIFIEDBY], [ROPE_MODIFIEDDATE], [ROPE_ISACTIVE], [ROPE_STATUS]) VALUES (10020, 57, 9, NULL, NULL, NULL, NULL, 0, 1)
INSERT [dbo].[ROLE_PERMISSIONS] ([ROPE_ID], [ROPE_ROLID], [ROPE_PERID], [ROPE_CREATEDBY], [ROPE_CREATEDDATE], [ROPE_MODIFIEDBY], [ROPE_MODIFIEDDATE], [ROPE_ISACTIVE], [ROPE_STATUS]) VALUES (10021, 58, 9, NULL, NULL, NULL, NULL, 0, 1)
INSERT [dbo].[ROLE_PERMISSIONS] ([ROPE_ID], [ROPE_ROLID], [ROPE_PERID], [ROPE_CREATEDBY], [ROPE_CREATEDDATE], [ROPE_MODIFIEDBY], [ROPE_MODIFIEDDATE], [ROPE_ISACTIVE], [ROPE_STATUS]) VALUES (10022, 59, 9, NULL, NULL, NULL, NULL, 1, 1)
INSERT [dbo].[ROLE_PERMISSIONS] ([ROPE_ID], [ROPE_ROLID], [ROPE_PERID], [ROPE_CREATEDBY], [ROPE_CREATEDDATE], [ROPE_MODIFIEDBY], [ROPE_MODIFIEDDATE], [ROPE_ISACTIVE], [ROPE_STATUS]) VALUES (10023, 60, 9, NULL, NULL, NULL, NULL, 1, 1)
INSERT [dbo].[ROLE_PERMISSIONS] ([ROPE_ID], [ROPE_ROLID], [ROPE_PERID], [ROPE_CREATEDBY], [ROPE_CREATEDDATE], [ROPE_MODIFIEDBY], [ROPE_MODIFIEDDATE], [ROPE_ISACTIVE], [ROPE_STATUS]) VALUES (10024, 61, 9, NULL, NULL, NULL, NULL, 1, 1)
INSERT [dbo].[ROLE_PERMISSIONS] ([ROPE_ID], [ROPE_ROLID], [ROPE_PERID], [ROPE_CREATEDBY], [ROPE_CREATEDDATE], [ROPE_MODIFIEDBY], [ROPE_MODIFIEDDATE], [ROPE_ISACTIVE], [ROPE_STATUS]) VALUES (10025, 62, 9, NULL, NULL, NULL, NULL, 1, 1)
INSERT [dbo].[ROLE_PERMISSIONS] ([ROPE_ID], [ROPE_ROLID], [ROPE_PERID], [ROPE_CREATEDBY], [ROPE_CREATEDDATE], [ROPE_MODIFIEDBY], [ROPE_MODIFIEDDATE], [ROPE_ISACTIVE], [ROPE_STATUS]) VALUES (10026, 63, 9, NULL, NULL, NULL, NULL, 0, 1)
INSERT [dbo].[ROLE_PERMISSIONS] ([ROPE_ID], [ROPE_ROLID], [ROPE_PERID], [ROPE_CREATEDBY], [ROPE_CREATEDDATE], [ROPE_MODIFIEDBY], [ROPE_MODIFIEDDATE], [ROPE_ISACTIVE], [ROPE_STATUS]) VALUES (10027, 64, 9, NULL, NULL, NULL, NULL, 0, 1)
INSERT [dbo].[ROLE_PERMISSIONS] ([ROPE_ID], [ROPE_ROLID], [ROPE_PERID], [ROPE_CREATEDBY], [ROPE_CREATEDDATE], [ROPE_MODIFIEDBY], [ROPE_MODIFIEDDATE], [ROPE_ISACTIVE], [ROPE_STATUS]) VALUES (10028, 65, 9, NULL, NULL, NULL, NULL, 0, 1)
INSERT [dbo].[ROLE_PERMISSIONS] ([ROPE_ID], [ROPE_ROLID], [ROPE_PERID], [ROPE_CREATEDBY], [ROPE_CREATEDDATE], [ROPE_MODIFIEDBY], [ROPE_MODIFIEDDATE], [ROPE_ISACTIVE], [ROPE_STATUS]) VALUES (10029, 66, 9, NULL, NULL, NULL, NULL, 0, 1)
INSERT [dbo].[ROLE_PERMISSIONS] ([ROPE_ID], [ROPE_ROLID], [ROPE_PERID], [ROPE_CREATEDBY], [ROPE_CREATEDDATE], [ROPE_MODIFIEDBY], [ROPE_MODIFIEDDATE], [ROPE_ISACTIVE], [ROPE_STATUS]) VALUES (10030, 67, 9, NULL, NULL, NULL, NULL, 0, 1)
INSERT [dbo].[ROLE_PERMISSIONS] ([ROPE_ID], [ROPE_ROLID], [ROPE_PERID], [ROPE_CREATEDBY], [ROPE_CREATEDDATE], [ROPE_MODIFIEDBY], [ROPE_MODIFIEDDATE], [ROPE_ISACTIVE], [ROPE_STATUS]) VALUES (10031, 68, 9, NULL, NULL, NULL, NULL, 0, 1)
INSERT [dbo].[ROLE_PERMISSIONS] ([ROPE_ID], [ROPE_ROLID], [ROPE_PERID], [ROPE_CREATEDBY], [ROPE_CREATEDDATE], [ROPE_MODIFIEDBY], [ROPE_MODIFIEDDATE], [ROPE_ISACTIVE], [ROPE_STATUS]) VALUES (10032, 69, 9, NULL, NULL, NULL, NULL, 0, 1)
INSERT [dbo].[ROLE_PERMISSIONS] ([ROPE_ID], [ROPE_ROLID], [ROPE_PERID], [ROPE_CREATEDBY], [ROPE_CREATEDDATE], [ROPE_MODIFIEDBY], [ROPE_MODIFIEDDATE], [ROPE_ISACTIVE], [ROPE_STATUS]) VALUES (10033, 70, 9, NULL, NULL, NULL, NULL, 0, 1)
INSERT [dbo].[ROLE_PERMISSIONS] ([ROPE_ID], [ROPE_ROLID], [ROPE_PERID], [ROPE_CREATEDBY], [ROPE_CREATEDDATE], [ROPE_MODIFIEDBY], [ROPE_MODIFIEDDATE], [ROPE_ISACTIVE], [ROPE_STATUS]) VALUES (10034, 71, 9, NULL, NULL, NULL, NULL, 0, 1)
INSERT [dbo].[ROLE_PERMISSIONS] ([ROPE_ID], [ROPE_ROLID], [ROPE_PERID], [ROPE_CREATEDBY], [ROPE_CREATEDDATE], [ROPE_MODIFIEDBY], [ROPE_MODIFIEDDATE], [ROPE_ISACTIVE], [ROPE_STATUS]) VALUES (10035, 72, 9, NULL, NULL, NULL, NULL, 0, 1)
INSERT [dbo].[ROLE_PERMISSIONS] ([ROPE_ID], [ROPE_ROLID], [ROPE_PERID], [ROPE_CREATEDBY], [ROPE_CREATEDDATE], [ROPE_MODIFIEDBY], [ROPE_MODIFIEDDATE], [ROPE_ISACTIVE], [ROPE_STATUS]) VALUES (10036, 73, 9, NULL, NULL, NULL, NULL, 0, 1)
INSERT [dbo].[ROLE_PERMISSIONS] ([ROPE_ID], [ROPE_ROLID], [ROPE_PERID], [ROPE_CREATEDBY], [ROPE_CREATEDDATE], [ROPE_MODIFIEDBY], [ROPE_MODIFIEDDATE], [ROPE_ISACTIVE], [ROPE_STATUS]) VALUES (10037, 74, 9, NULL, NULL, NULL, NULL, 0, 1)
INSERT [dbo].[ROLE_PERMISSIONS] ([ROPE_ID], [ROPE_ROLID], [ROPE_PERID], [ROPE_CREATEDBY], [ROPE_CREATEDDATE], [ROPE_MODIFIEDBY], [ROPE_MODIFIEDDATE], [ROPE_ISACTIVE], [ROPE_STATUS]) VALUES (10038, 75, 9, NULL, NULL, NULL, NULL, 0, 1)
INSERT [dbo].[ROLE_PERMISSIONS] ([ROPE_ID], [ROPE_ROLID], [ROPE_PERID], [ROPE_CREATEDBY], [ROPE_CREATEDDATE], [ROPE_MODIFIEDBY], [ROPE_MODIFIEDDATE], [ROPE_ISACTIVE], [ROPE_STATUS]) VALUES (10039, 76, 9, NULL, NULL, NULL, NULL, 0, 1)
INSERT [dbo].[ROLE_PERMISSIONS] ([ROPE_ID], [ROPE_ROLID], [ROPE_PERID], [ROPE_CREATEDBY], [ROPE_CREATEDDATE], [ROPE_MODIFIEDBY], [ROPE_MODIFIEDDATE], [ROPE_ISACTIVE], [ROPE_STATUS]) VALUES (10040, 80, 9, NULL, NULL, NULL, NULL, 0, 1)
INSERT [dbo].[ROLE_PERMISSIONS] ([ROPE_ID], [ROPE_ROLID], [ROPE_PERID], [ROPE_CREATEDBY], [ROPE_CREATEDDATE], [ROPE_MODIFIEDBY], [ROPE_MODIFIEDDATE], [ROPE_ISACTIVE], [ROPE_STATUS]) VALUES (10041, 105, 9, NULL, NULL, NULL, NULL, 1, 1)
INSERT [dbo].[ROLE_PERMISSIONS] ([ROPE_ID], [ROPE_ROLID], [ROPE_PERID], [ROPE_CREATEDBY], [ROPE_CREATEDDATE], [ROPE_MODIFIEDBY], [ROPE_MODIFIEDDATE], [ROPE_ISACTIVE], [ROPE_STATUS]) VALUES (10042, 84, 9, NULL, NULL, NULL, NULL, 0, 1)
INSERT [dbo].[ROLE_PERMISSIONS] ([ROPE_ID], [ROPE_ROLID], [ROPE_PERID], [ROPE_CREATEDBY], [ROPE_CREATEDDATE], [ROPE_MODIFIEDBY], [ROPE_MODIFIEDDATE], [ROPE_ISACTIVE], [ROPE_STATUS]) VALUES (10043, 85, 9, NULL, NULL, NULL, NULL, 0, 1)
INSERT [dbo].[ROLE_PERMISSIONS] ([ROPE_ID], [ROPE_ROLID], [ROPE_PERID], [ROPE_CREATEDBY], [ROPE_CREATEDDATE], [ROPE_MODIFIEDBY], [ROPE_MODIFIEDDATE], [ROPE_ISACTIVE], [ROPE_STATUS]) VALUES (10044, 86, 9, NULL, NULL, NULL, NULL, 0, 1)
INSERT [dbo].[ROLE_PERMISSIONS] ([ROPE_ID], [ROPE_ROLID], [ROPE_PERID], [ROPE_CREATEDBY], [ROPE_CREATEDDATE], [ROPE_MODIFIEDBY], [ROPE_MODIFIEDDATE], [ROPE_ISACTIVE], [ROPE_STATUS]) VALUES (10045, 87, 9, NULL, NULL, NULL, NULL, 0, 1)
INSERT [dbo].[ROLE_PERMISSIONS] ([ROPE_ID], [ROPE_ROLID], [ROPE_PERID], [ROPE_CREATEDBY], [ROPE_CREATEDDATE], [ROPE_MODIFIEDBY], [ROPE_MODIFIEDDATE], [ROPE_ISACTIVE], [ROPE_STATUS]) VALUES (10046, 88, 9, NULL, NULL, NULL, NULL, 1, 1)
INSERT [dbo].[ROLE_PERMISSIONS] ([ROPE_ID], [ROPE_ROLID], [ROPE_PERID], [ROPE_CREATEDBY], [ROPE_CREATEDDATE], [ROPE_MODIFIEDBY], [ROPE_MODIFIEDDATE], [ROPE_ISACTIVE], [ROPE_STATUS]) VALUES (10047, 89, 9, NULL, NULL, NULL, NULL, 1, 1)
INSERT [dbo].[ROLE_PERMISSIONS] ([ROPE_ID], [ROPE_ROLID], [ROPE_PERID], [ROPE_CREATEDBY], [ROPE_CREATEDDATE], [ROPE_MODIFIEDBY], [ROPE_MODIFIEDDATE], [ROPE_ISACTIVE], [ROPE_STATUS]) VALUES (10048, 90, 9, NULL, NULL, NULL, NULL, 1, 1)
INSERT [dbo].[ROLE_PERMISSIONS] ([ROPE_ID], [ROPE_ROLID], [ROPE_PERID], [ROPE_CREATEDBY], [ROPE_CREATEDDATE], [ROPE_MODIFIEDBY], [ROPE_MODIFIEDDATE], [ROPE_ISACTIVE], [ROPE_STATUS]) VALUES (10049, 91, 9, NULL, NULL, NULL, NULL, 1, 1)
INSERT [dbo].[ROLE_PERMISSIONS] ([ROPE_ID], [ROPE_ROLID], [ROPE_PERID], [ROPE_CREATEDBY], [ROPE_CREATEDDATE], [ROPE_MODIFIEDBY], [ROPE_MODIFIEDDATE], [ROPE_ISACTIVE], [ROPE_STATUS]) VALUES (10050, 92, 9, NULL, NULL, NULL, NULL, 1, 1)
INSERT [dbo].[ROLE_PERMISSIONS] ([ROPE_ID], [ROPE_ROLID], [ROPE_PERID], [ROPE_CREATEDBY], [ROPE_CREATEDDATE], [ROPE_MODIFIEDBY], [ROPE_MODIFIEDDATE], [ROPE_ISACTIVE], [ROPE_STATUS]) VALUES (10051, 93, 9, NULL, NULL, NULL, NULL, 1, 1)
INSERT [dbo].[ROLE_PERMISSIONS] ([ROPE_ID], [ROPE_ROLID], [ROPE_PERID], [ROPE_CREATEDBY], [ROPE_CREATEDDATE], [ROPE_MODIFIEDBY], [ROPE_MODIFIEDDATE], [ROPE_ISACTIVE], [ROPE_STATUS]) VALUES (10052, 94, 9, NULL, NULL, NULL, NULL, 1, 1)
GO
INSERT [dbo].[ROLE_PERMISSIONS] ([ROPE_ID], [ROPE_ROLID], [ROPE_PERID], [ROPE_CREATEDBY], [ROPE_CREATEDDATE], [ROPE_MODIFIEDBY], [ROPE_MODIFIEDDATE], [ROPE_ISACTIVE], [ROPE_STATUS]) VALUES (10053, 95, 9, NULL, NULL, NULL, NULL, 1, 1)
INSERT [dbo].[ROLE_PERMISSIONS] ([ROPE_ID], [ROPE_ROLID], [ROPE_PERID], [ROPE_CREATEDBY], [ROPE_CREATEDDATE], [ROPE_MODIFIEDBY], [ROPE_MODIFIEDDATE], [ROPE_ISACTIVE], [ROPE_STATUS]) VALUES (10054, 6, 9, NULL, NULL, NULL, NULL, 0, 1)
INSERT [dbo].[ROLE_PERMISSIONS] ([ROPE_ID], [ROPE_ROLID], [ROPE_PERID], [ROPE_CREATEDBY], [ROPE_CREATEDDATE], [ROPE_MODIFIEDBY], [ROPE_MODIFIEDDATE], [ROPE_ISACTIVE], [ROPE_STATUS]) VALUES (10055, 7, 9, NULL, NULL, NULL, NULL, 0, 1)
INSERT [dbo].[ROLE_PERMISSIONS] ([ROPE_ID], [ROPE_ROLID], [ROPE_PERID], [ROPE_CREATEDBY], [ROPE_CREATEDDATE], [ROPE_MODIFIEDBY], [ROPE_MODIFIEDDATE], [ROPE_ISACTIVE], [ROPE_STATUS]) VALUES (10056, 8, 9, NULL, NULL, NULL, NULL, 0, 1)
INSERT [dbo].[ROLE_PERMISSIONS] ([ROPE_ID], [ROPE_ROLID], [ROPE_PERID], [ROPE_CREATEDBY], [ROPE_CREATEDDATE], [ROPE_MODIFIEDBY], [ROPE_MODIFIEDDATE], [ROPE_ISACTIVE], [ROPE_STATUS]) VALUES (10057, 9, 9, NULL, NULL, NULL, NULL, 0, 1)
INSERT [dbo].[ROLE_PERMISSIONS] ([ROPE_ID], [ROPE_ROLID], [ROPE_PERID], [ROPE_CREATEDBY], [ROPE_CREATEDDATE], [ROPE_MODIFIEDBY], [ROPE_MODIFIEDDATE], [ROPE_ISACTIVE], [ROPE_STATUS]) VALUES (10058, 11, 9, NULL, NULL, NULL, NULL, 0, 1)
INSERT [dbo].[ROLE_PERMISSIONS] ([ROPE_ID], [ROPE_ROLID], [ROPE_PERID], [ROPE_CREATEDBY], [ROPE_CREATEDDATE], [ROPE_MODIFIEDBY], [ROPE_MODIFIEDDATE], [ROPE_ISACTIVE], [ROPE_STATUS]) VALUES (10059, 12, 9, NULL, NULL, NULL, NULL, 0, 1)
INSERT [dbo].[ROLE_PERMISSIONS] ([ROPE_ID], [ROPE_ROLID], [ROPE_PERID], [ROPE_CREATEDBY], [ROPE_CREATEDDATE], [ROPE_MODIFIEDBY], [ROPE_MODIFIEDDATE], [ROPE_ISACTIVE], [ROPE_STATUS]) VALUES (10060, 13, 9, NULL, NULL, NULL, NULL, 0, 1)
INSERT [dbo].[ROLE_PERMISSIONS] ([ROPE_ID], [ROPE_ROLID], [ROPE_PERID], [ROPE_CREATEDBY], [ROPE_CREATEDDATE], [ROPE_MODIFIEDBY], [ROPE_MODIFIEDDATE], [ROPE_ISACTIVE], [ROPE_STATUS]) VALUES (10061, 14, 9, NULL, NULL, NULL, NULL, 0, 1)
INSERT [dbo].[ROLE_PERMISSIONS] ([ROPE_ID], [ROPE_ROLID], [ROPE_PERID], [ROPE_CREATEDBY], [ROPE_CREATEDDATE], [ROPE_MODIFIEDBY], [ROPE_MODIFIEDDATE], [ROPE_ISACTIVE], [ROPE_STATUS]) VALUES (10062, 21, 9, NULL, NULL, NULL, NULL, 0, 1)
INSERT [dbo].[ROLE_PERMISSIONS] ([ROPE_ID], [ROPE_ROLID], [ROPE_PERID], [ROPE_CREATEDBY], [ROPE_CREATEDDATE], [ROPE_MODIFIEDBY], [ROPE_MODIFIEDDATE], [ROPE_ISACTIVE], [ROPE_STATUS]) VALUES (10063, 22, 9, NULL, NULL, NULL, NULL, 0, 1)
INSERT [dbo].[ROLE_PERMISSIONS] ([ROPE_ID], [ROPE_ROLID], [ROPE_PERID], [ROPE_CREATEDBY], [ROPE_CREATEDDATE], [ROPE_MODIFIEDBY], [ROPE_MODIFIEDDATE], [ROPE_ISACTIVE], [ROPE_STATUS]) VALUES (10064, 23, 9, NULL, NULL, NULL, NULL, 0, 1)
INSERT [dbo].[ROLE_PERMISSIONS] ([ROPE_ID], [ROPE_ROLID], [ROPE_PERID], [ROPE_CREATEDBY], [ROPE_CREATEDDATE], [ROPE_MODIFIEDBY], [ROPE_MODIFIEDDATE], [ROPE_ISACTIVE], [ROPE_STATUS]) VALUES (10065, 24, 9, NULL, NULL, NULL, NULL, 0, 1)
INSERT [dbo].[ROLE_PERMISSIONS] ([ROPE_ID], [ROPE_ROLID], [ROPE_PERID], [ROPE_CREATEDBY], [ROPE_CREATEDDATE], [ROPE_MODIFIEDBY], [ROPE_MODIFIEDDATE], [ROPE_ISACTIVE], [ROPE_STATUS]) VALUES (10066, 26, 9, NULL, NULL, NULL, NULL, 0, 1)
INSERT [dbo].[ROLE_PERMISSIONS] ([ROPE_ID], [ROPE_ROLID], [ROPE_PERID], [ROPE_CREATEDBY], [ROPE_CREATEDDATE], [ROPE_MODIFIEDBY], [ROPE_MODIFIEDDATE], [ROPE_ISACTIVE], [ROPE_STATUS]) VALUES (10067, 27, 9, NULL, NULL, NULL, NULL, 0, 1)
INSERT [dbo].[ROLE_PERMISSIONS] ([ROPE_ID], [ROPE_ROLID], [ROPE_PERID], [ROPE_CREATEDBY], [ROPE_CREATEDDATE], [ROPE_MODIFIEDBY], [ROPE_MODIFIEDDATE], [ROPE_ISACTIVE], [ROPE_STATUS]) VALUES (10068, 28, 9, NULL, NULL, NULL, NULL, 0, 1)
INSERT [dbo].[ROLE_PERMISSIONS] ([ROPE_ID], [ROPE_ROLID], [ROPE_PERID], [ROPE_CREATEDBY], [ROPE_CREATEDDATE], [ROPE_MODIFIEDBY], [ROPE_MODIFIEDDATE], [ROPE_ISACTIVE], [ROPE_STATUS]) VALUES (10069, 29, 9, NULL, NULL, NULL, NULL, 0, 1)
INSERT [dbo].[ROLE_PERMISSIONS] ([ROPE_ID], [ROPE_ROLID], [ROPE_PERID], [ROPE_CREATEDBY], [ROPE_CREATEDDATE], [ROPE_MODIFIEDBY], [ROPE_MODIFIEDDATE], [ROPE_ISACTIVE], [ROPE_STATUS]) VALUES (10070, 96, 9, NULL, NULL, NULL, NULL, 1, 1)
INSERT [dbo].[ROLE_PERMISSIONS] ([ROPE_ID], [ROPE_ROLID], [ROPE_PERID], [ROPE_CREATEDBY], [ROPE_CREATEDDATE], [ROPE_MODIFIEDBY], [ROPE_MODIFIEDDATE], [ROPE_ISACTIVE], [ROPE_STATUS]) VALUES (10071, 97, 9, NULL, NULL, NULL, NULL, 1, 1)
INSERT [dbo].[ROLE_PERMISSIONS] ([ROPE_ID], [ROPE_ROLID], [ROPE_PERID], [ROPE_CREATEDBY], [ROPE_CREATEDDATE], [ROPE_MODIFIEDBY], [ROPE_MODIFIEDDATE], [ROPE_ISACTIVE], [ROPE_STATUS]) VALUES (10072, 98, 9, NULL, NULL, NULL, NULL, 1, 1)
INSERT [dbo].[ROLE_PERMISSIONS] ([ROPE_ID], [ROPE_ROLID], [ROPE_PERID], [ROPE_CREATEDBY], [ROPE_CREATEDDATE], [ROPE_MODIFIEDBY], [ROPE_MODIFIEDDATE], [ROPE_ISACTIVE], [ROPE_STATUS]) VALUES (10073, 99, 9, NULL, NULL, NULL, NULL, 1, 1)
INSERT [dbo].[ROLE_PERMISSIONS] ([ROPE_ID], [ROPE_ROLID], [ROPE_PERID], [ROPE_CREATEDBY], [ROPE_CREATEDDATE], [ROPE_MODIFIEDBY], [ROPE_MODIFIEDDATE], [ROPE_ISACTIVE], [ROPE_STATUS]) VALUES (10074, 100, 9, NULL, NULL, NULL, NULL, 1, 1)
INSERT [dbo].[ROLE_PERMISSIONS] ([ROPE_ID], [ROPE_ROLID], [ROPE_PERID], [ROPE_CREATEDBY], [ROPE_CREATEDDATE], [ROPE_MODIFIEDBY], [ROPE_MODIFIEDDATE], [ROPE_ISACTIVE], [ROPE_STATUS]) VALUES (10075, 101, 9, NULL, NULL, NULL, NULL, 1, 1)
INSERT [dbo].[ROLE_PERMISSIONS] ([ROPE_ID], [ROPE_ROLID], [ROPE_PERID], [ROPE_CREATEDBY], [ROPE_CREATEDDATE], [ROPE_MODIFIEDBY], [ROPE_MODIFIEDDATE], [ROPE_ISACTIVE], [ROPE_STATUS]) VALUES (10076, 102, 9, NULL, NULL, NULL, NULL, 1, 1)
INSERT [dbo].[ROLE_PERMISSIONS] ([ROPE_ID], [ROPE_ROLID], [ROPE_PERID], [ROPE_CREATEDBY], [ROPE_CREATEDDATE], [ROPE_MODIFIEDBY], [ROPE_MODIFIEDDATE], [ROPE_ISACTIVE], [ROPE_STATUS]) VALUES (10077, 103, 9, NULL, NULL, NULL, NULL, 1, 1)
INSERT [dbo].[ROLE_PERMISSIONS] ([ROPE_ID], [ROPE_ROLID], [ROPE_PERID], [ROPE_CREATEDBY], [ROPE_CREATEDDATE], [ROPE_MODIFIEDBY], [ROPE_MODIFIEDDATE], [ROPE_ISACTIVE], [ROPE_STATUS]) VALUES (10078, 104, 9, NULL, NULL, NULL, NULL, 1, 1)
INSERT [dbo].[ROLE_PERMISSIONS] ([ROPE_ID], [ROPE_ROLID], [ROPE_PERID], [ROPE_CREATEDBY], [ROPE_CREATEDDATE], [ROPE_MODIFIEDBY], [ROPE_MODIFIEDDATE], [ROPE_ISACTIVE], [ROPE_STATUS]) VALUES (10080, 31, 8, NULL, NULL, NULL, NULL, 0, 1)
INSERT [dbo].[ROLE_PERMISSIONS] ([ROPE_ID], [ROPE_ROLID], [ROPE_PERID], [ROPE_CREATEDBY], [ROPE_CREATEDDATE], [ROPE_MODIFIEDBY], [ROPE_MODIFIEDDATE], [ROPE_ISACTIVE], [ROPE_STATUS]) VALUES (10081, 32, 8, NULL, NULL, NULL, NULL, 0, 1)
INSERT [dbo].[ROLE_PERMISSIONS] ([ROPE_ID], [ROPE_ROLID], [ROPE_PERID], [ROPE_CREATEDBY], [ROPE_CREATEDDATE], [ROPE_MODIFIEDBY], [ROPE_MODIFIEDDATE], [ROPE_ISACTIVE], [ROPE_STATUS]) VALUES (10082, 33, 8, NULL, NULL, NULL, NULL, 0, 1)
INSERT [dbo].[ROLE_PERMISSIONS] ([ROPE_ID], [ROPE_ROLID], [ROPE_PERID], [ROPE_CREATEDBY], [ROPE_CREATEDDATE], [ROPE_MODIFIEDBY], [ROPE_MODIFIEDDATE], [ROPE_ISACTIVE], [ROPE_STATUS]) VALUES (10083, 34, 8, NULL, NULL, NULL, NULL, 0, 1)
INSERT [dbo].[ROLE_PERMISSIONS] ([ROPE_ID], [ROPE_ROLID], [ROPE_PERID], [ROPE_CREATEDBY], [ROPE_CREATEDDATE], [ROPE_MODIFIEDBY], [ROPE_MODIFIEDDATE], [ROPE_ISACTIVE], [ROPE_STATUS]) VALUES (10084, 36, 8, NULL, NULL, NULL, NULL, 0, 1)
INSERT [dbo].[ROLE_PERMISSIONS] ([ROPE_ID], [ROPE_ROLID], [ROPE_PERID], [ROPE_CREATEDBY], [ROPE_CREATEDDATE], [ROPE_MODIFIEDBY], [ROPE_MODIFIEDDATE], [ROPE_ISACTIVE], [ROPE_STATUS]) VALUES (10085, 37, 8, NULL, NULL, NULL, NULL, 0, 1)
INSERT [dbo].[ROLE_PERMISSIONS] ([ROPE_ID], [ROPE_ROLID], [ROPE_PERID], [ROPE_CREATEDBY], [ROPE_CREATEDDATE], [ROPE_MODIFIEDBY], [ROPE_MODIFIEDDATE], [ROPE_ISACTIVE], [ROPE_STATUS]) VALUES (10086, 38, 8, NULL, NULL, NULL, NULL, 0, 1)
INSERT [dbo].[ROLE_PERMISSIONS] ([ROPE_ID], [ROPE_ROLID], [ROPE_PERID], [ROPE_CREATEDBY], [ROPE_CREATEDDATE], [ROPE_MODIFIEDBY], [ROPE_MODIFIEDDATE], [ROPE_ISACTIVE], [ROPE_STATUS]) VALUES (10087, 39, 8, NULL, NULL, NULL, NULL, 0, 1)
INSERT [dbo].[ROLE_PERMISSIONS] ([ROPE_ID], [ROPE_ROLID], [ROPE_PERID], [ROPE_CREATEDBY], [ROPE_CREATEDDATE], [ROPE_MODIFIEDBY], [ROPE_MODIFIEDDATE], [ROPE_ISACTIVE], [ROPE_STATUS]) VALUES (10088, 44, 8, NULL, NULL, NULL, NULL, 0, 1)
INSERT [dbo].[ROLE_PERMISSIONS] ([ROPE_ID], [ROPE_ROLID], [ROPE_PERID], [ROPE_CREATEDBY], [ROPE_CREATEDDATE], [ROPE_MODIFIEDBY], [ROPE_MODIFIEDDATE], [ROPE_ISACTIVE], [ROPE_STATUS]) VALUES (10089, 45, 8, NULL, NULL, NULL, NULL, 0, 1)
INSERT [dbo].[ROLE_PERMISSIONS] ([ROPE_ID], [ROPE_ROLID], [ROPE_PERID], [ROPE_CREATEDBY], [ROPE_CREATEDDATE], [ROPE_MODIFIEDBY], [ROPE_MODIFIEDDATE], [ROPE_ISACTIVE], [ROPE_STATUS]) VALUES (10090, 46, 8, NULL, NULL, NULL, NULL, 0, 1)
INSERT [dbo].[ROLE_PERMISSIONS] ([ROPE_ID], [ROPE_ROLID], [ROPE_PERID], [ROPE_CREATEDBY], [ROPE_CREATEDDATE], [ROPE_MODIFIEDBY], [ROPE_MODIFIEDDATE], [ROPE_ISACTIVE], [ROPE_STATUS]) VALUES (10091, 47, 8, NULL, NULL, NULL, NULL, 0, 1)
INSERT [dbo].[ROLE_PERMISSIONS] ([ROPE_ID], [ROPE_ROLID], [ROPE_PERID], [ROPE_CREATEDBY], [ROPE_CREATEDDATE], [ROPE_MODIFIEDBY], [ROPE_MODIFIEDDATE], [ROPE_ISACTIVE], [ROPE_STATUS]) VALUES (10092, 50, 8, NULL, NULL, NULL, NULL, 0, 1)
INSERT [dbo].[ROLE_PERMISSIONS] ([ROPE_ID], [ROPE_ROLID], [ROPE_PERID], [ROPE_CREATEDBY], [ROPE_CREATEDDATE], [ROPE_MODIFIEDBY], [ROPE_MODIFIEDDATE], [ROPE_ISACTIVE], [ROPE_STATUS]) VALUES (10093, 51, 8, NULL, NULL, NULL, NULL, 0, 1)
INSERT [dbo].[ROLE_PERMISSIONS] ([ROPE_ID], [ROPE_ROLID], [ROPE_PERID], [ROPE_CREATEDBY], [ROPE_CREATEDDATE], [ROPE_MODIFIEDBY], [ROPE_MODIFIEDDATE], [ROPE_ISACTIVE], [ROPE_STATUS]) VALUES (10094, 55, 8, NULL, NULL, NULL, NULL, 0, 1)
INSERT [dbo].[ROLE_PERMISSIONS] ([ROPE_ID], [ROPE_ROLID], [ROPE_PERID], [ROPE_CREATEDBY], [ROPE_CREATEDDATE], [ROPE_MODIFIEDBY], [ROPE_MODIFIEDDATE], [ROPE_ISACTIVE], [ROPE_STATUS]) VALUES (10095, 56, 8, NULL, NULL, NULL, NULL, 0, 1)
INSERT [dbo].[ROLE_PERMISSIONS] ([ROPE_ID], [ROPE_ROLID], [ROPE_PERID], [ROPE_CREATEDBY], [ROPE_CREATEDDATE], [ROPE_MODIFIEDBY], [ROPE_MODIFIEDDATE], [ROPE_ISACTIVE], [ROPE_STATUS]) VALUES (10096, 57, 8, NULL, NULL, NULL, NULL, 0, 1)
INSERT [dbo].[ROLE_PERMISSIONS] ([ROPE_ID], [ROPE_ROLID], [ROPE_PERID], [ROPE_CREATEDBY], [ROPE_CREATEDDATE], [ROPE_MODIFIEDBY], [ROPE_MODIFIEDDATE], [ROPE_ISACTIVE], [ROPE_STATUS]) VALUES (10097, 58, 8, NULL, NULL, NULL, NULL, 0, 1)
INSERT [dbo].[ROLE_PERMISSIONS] ([ROPE_ID], [ROPE_ROLID], [ROPE_PERID], [ROPE_CREATEDBY], [ROPE_CREATEDDATE], [ROPE_MODIFIEDBY], [ROPE_MODIFIEDDATE], [ROPE_ISACTIVE], [ROPE_STATUS]) VALUES (10098, 59, 8, NULL, NULL, NULL, NULL, 0, 1)
INSERT [dbo].[ROLE_PERMISSIONS] ([ROPE_ID], [ROPE_ROLID], [ROPE_PERID], [ROPE_CREATEDBY], [ROPE_CREATEDDATE], [ROPE_MODIFIEDBY], [ROPE_MODIFIEDDATE], [ROPE_ISACTIVE], [ROPE_STATUS]) VALUES (10099, 60, 8, NULL, NULL, NULL, NULL, 0, 1)
INSERT [dbo].[ROLE_PERMISSIONS] ([ROPE_ID], [ROPE_ROLID], [ROPE_PERID], [ROPE_CREATEDBY], [ROPE_CREATEDDATE], [ROPE_MODIFIEDBY], [ROPE_MODIFIEDDATE], [ROPE_ISACTIVE], [ROPE_STATUS]) VALUES (10100, 61, 8, NULL, NULL, NULL, NULL, 0, 1)
INSERT [dbo].[ROLE_PERMISSIONS] ([ROPE_ID], [ROPE_ROLID], [ROPE_PERID], [ROPE_CREATEDBY], [ROPE_CREATEDDATE], [ROPE_MODIFIEDBY], [ROPE_MODIFIEDDATE], [ROPE_ISACTIVE], [ROPE_STATUS]) VALUES (10101, 62, 8, NULL, NULL, NULL, NULL, 0, 1)
INSERT [dbo].[ROLE_PERMISSIONS] ([ROPE_ID], [ROPE_ROLID], [ROPE_PERID], [ROPE_CREATEDBY], [ROPE_CREATEDDATE], [ROPE_MODIFIEDBY], [ROPE_MODIFIEDDATE], [ROPE_ISACTIVE], [ROPE_STATUS]) VALUES (10102, 63, 8, NULL, NULL, NULL, NULL, 0, 1)
INSERT [dbo].[ROLE_PERMISSIONS] ([ROPE_ID], [ROPE_ROLID], [ROPE_PERID], [ROPE_CREATEDBY], [ROPE_CREATEDDATE], [ROPE_MODIFIEDBY], [ROPE_MODIFIEDDATE], [ROPE_ISACTIVE], [ROPE_STATUS]) VALUES (10103, 64, 8, NULL, NULL, NULL, NULL, 0, 1)
INSERT [dbo].[ROLE_PERMISSIONS] ([ROPE_ID], [ROPE_ROLID], [ROPE_PERID], [ROPE_CREATEDBY], [ROPE_CREATEDDATE], [ROPE_MODIFIEDBY], [ROPE_MODIFIEDDATE], [ROPE_ISACTIVE], [ROPE_STATUS]) VALUES (10104, 65, 8, NULL, NULL, NULL, NULL, 0, 1)
INSERT [dbo].[ROLE_PERMISSIONS] ([ROPE_ID], [ROPE_ROLID], [ROPE_PERID], [ROPE_CREATEDBY], [ROPE_CREATEDDATE], [ROPE_MODIFIEDBY], [ROPE_MODIFIEDDATE], [ROPE_ISACTIVE], [ROPE_STATUS]) VALUES (10105, 66, 8, NULL, NULL, NULL, NULL, 0, 1)
INSERT [dbo].[ROLE_PERMISSIONS] ([ROPE_ID], [ROPE_ROLID], [ROPE_PERID], [ROPE_CREATEDBY], [ROPE_CREATEDDATE], [ROPE_MODIFIEDBY], [ROPE_MODIFIEDDATE], [ROPE_ISACTIVE], [ROPE_STATUS]) VALUES (10106, 67, 8, NULL, NULL, NULL, NULL, 0, 1)
INSERT [dbo].[ROLE_PERMISSIONS] ([ROPE_ID], [ROPE_ROLID], [ROPE_PERID], [ROPE_CREATEDBY], [ROPE_CREATEDDATE], [ROPE_MODIFIEDBY], [ROPE_MODIFIEDDATE], [ROPE_ISACTIVE], [ROPE_STATUS]) VALUES (10107, 68, 8, NULL, NULL, NULL, NULL, 0, 1)
INSERT [dbo].[ROLE_PERMISSIONS] ([ROPE_ID], [ROPE_ROLID], [ROPE_PERID], [ROPE_CREATEDBY], [ROPE_CREATEDDATE], [ROPE_MODIFIEDBY], [ROPE_MODIFIEDDATE], [ROPE_ISACTIVE], [ROPE_STATUS]) VALUES (10108, 69, 8, NULL, NULL, NULL, NULL, 0, 1)
INSERT [dbo].[ROLE_PERMISSIONS] ([ROPE_ID], [ROPE_ROLID], [ROPE_PERID], [ROPE_CREATEDBY], [ROPE_CREATEDDATE], [ROPE_MODIFIEDBY], [ROPE_MODIFIEDDATE], [ROPE_ISACTIVE], [ROPE_STATUS]) VALUES (10109, 70, 8, NULL, NULL, NULL, NULL, 0, 1)
INSERT [dbo].[ROLE_PERMISSIONS] ([ROPE_ID], [ROPE_ROLID], [ROPE_PERID], [ROPE_CREATEDBY], [ROPE_CREATEDDATE], [ROPE_MODIFIEDBY], [ROPE_MODIFIEDDATE], [ROPE_ISACTIVE], [ROPE_STATUS]) VALUES (10110, 71, 8, NULL, NULL, NULL, NULL, 0, 1)
INSERT [dbo].[ROLE_PERMISSIONS] ([ROPE_ID], [ROPE_ROLID], [ROPE_PERID], [ROPE_CREATEDBY], [ROPE_CREATEDDATE], [ROPE_MODIFIEDBY], [ROPE_MODIFIEDDATE], [ROPE_ISACTIVE], [ROPE_STATUS]) VALUES (10111, 72, 8, NULL, NULL, NULL, NULL, 0, 1)
INSERT [dbo].[ROLE_PERMISSIONS] ([ROPE_ID], [ROPE_ROLID], [ROPE_PERID], [ROPE_CREATEDBY], [ROPE_CREATEDDATE], [ROPE_MODIFIEDBY], [ROPE_MODIFIEDDATE], [ROPE_ISACTIVE], [ROPE_STATUS]) VALUES (10112, 73, 8, NULL, NULL, NULL, NULL, 0, 1)
INSERT [dbo].[ROLE_PERMISSIONS] ([ROPE_ID], [ROPE_ROLID], [ROPE_PERID], [ROPE_CREATEDBY], [ROPE_CREATEDDATE], [ROPE_MODIFIEDBY], [ROPE_MODIFIEDDATE], [ROPE_ISACTIVE], [ROPE_STATUS]) VALUES (10113, 74, 8, NULL, NULL, NULL, NULL, 0, 1)
INSERT [dbo].[ROLE_PERMISSIONS] ([ROPE_ID], [ROPE_ROLID], [ROPE_PERID], [ROPE_CREATEDBY], [ROPE_CREATEDDATE], [ROPE_MODIFIEDBY], [ROPE_MODIFIEDDATE], [ROPE_ISACTIVE], [ROPE_STATUS]) VALUES (10114, 75, 8, NULL, NULL, NULL, NULL, 0, 1)
INSERT [dbo].[ROLE_PERMISSIONS] ([ROPE_ID], [ROPE_ROLID], [ROPE_PERID], [ROPE_CREATEDBY], [ROPE_CREATEDDATE], [ROPE_MODIFIEDBY], [ROPE_MODIFIEDDATE], [ROPE_ISACTIVE], [ROPE_STATUS]) VALUES (10115, 76, 8, NULL, NULL, NULL, NULL, 0, 1)
INSERT [dbo].[ROLE_PERMISSIONS] ([ROPE_ID], [ROPE_ROLID], [ROPE_PERID], [ROPE_CREATEDBY], [ROPE_CREATEDDATE], [ROPE_MODIFIEDBY], [ROPE_MODIFIEDDATE], [ROPE_ISACTIVE], [ROPE_STATUS]) VALUES (10118, 80, 8, NULL, NULL, NULL, NULL, 0, 1)
INSERT [dbo].[ROLE_PERMISSIONS] ([ROPE_ID], [ROPE_ROLID], [ROPE_PERID], [ROPE_CREATEDBY], [ROPE_CREATEDDATE], [ROPE_MODIFIEDBY], [ROPE_MODIFIEDDATE], [ROPE_ISACTIVE], [ROPE_STATUS]) VALUES (10119, 105, 8, NULL, NULL, NULL, NULL, 0, 1)
INSERT [dbo].[ROLE_PERMISSIONS] ([ROPE_ID], [ROPE_ROLID], [ROPE_PERID], [ROPE_CREATEDBY], [ROPE_CREATEDDATE], [ROPE_MODIFIEDBY], [ROPE_MODIFIEDDATE], [ROPE_ISACTIVE], [ROPE_STATUS]) VALUES (10120, 84, 8, NULL, NULL, NULL, NULL, 0, 1)
INSERT [dbo].[ROLE_PERMISSIONS] ([ROPE_ID], [ROPE_ROLID], [ROPE_PERID], [ROPE_CREATEDBY], [ROPE_CREATEDDATE], [ROPE_MODIFIEDBY], [ROPE_MODIFIEDDATE], [ROPE_ISACTIVE], [ROPE_STATUS]) VALUES (10121, 85, 8, NULL, NULL, NULL, NULL, 0, 1)
INSERT [dbo].[ROLE_PERMISSIONS] ([ROPE_ID], [ROPE_ROLID], [ROPE_PERID], [ROPE_CREATEDBY], [ROPE_CREATEDDATE], [ROPE_MODIFIEDBY], [ROPE_MODIFIEDDATE], [ROPE_ISACTIVE], [ROPE_STATUS]) VALUES (10122, 86, 8, NULL, NULL, NULL, NULL, 0, 1)
INSERT [dbo].[ROLE_PERMISSIONS] ([ROPE_ID], [ROPE_ROLID], [ROPE_PERID], [ROPE_CREATEDBY], [ROPE_CREATEDDATE], [ROPE_MODIFIEDBY], [ROPE_MODIFIEDDATE], [ROPE_ISACTIVE], [ROPE_STATUS]) VALUES (10123, 87, 8, NULL, NULL, NULL, NULL, 0, 1)
INSERT [dbo].[ROLE_PERMISSIONS] ([ROPE_ID], [ROPE_ROLID], [ROPE_PERID], [ROPE_CREATEDBY], [ROPE_CREATEDDATE], [ROPE_MODIFIEDBY], [ROPE_MODIFIEDDATE], [ROPE_ISACTIVE], [ROPE_STATUS]) VALUES (10124, 88, 8, NULL, NULL, NULL, NULL, 0, 1)
INSERT [dbo].[ROLE_PERMISSIONS] ([ROPE_ID], [ROPE_ROLID], [ROPE_PERID], [ROPE_CREATEDBY], [ROPE_CREATEDDATE], [ROPE_MODIFIEDBY], [ROPE_MODIFIEDDATE], [ROPE_ISACTIVE], [ROPE_STATUS]) VALUES (10125, 89, 8, NULL, NULL, NULL, NULL, 0, 1)
INSERT [dbo].[ROLE_PERMISSIONS] ([ROPE_ID], [ROPE_ROLID], [ROPE_PERID], [ROPE_CREATEDBY], [ROPE_CREATEDDATE], [ROPE_MODIFIEDBY], [ROPE_MODIFIEDDATE], [ROPE_ISACTIVE], [ROPE_STATUS]) VALUES (10126, 90, 8, NULL, NULL, NULL, NULL, 0, 1)
INSERT [dbo].[ROLE_PERMISSIONS] ([ROPE_ID], [ROPE_ROLID], [ROPE_PERID], [ROPE_CREATEDBY], [ROPE_CREATEDDATE], [ROPE_MODIFIEDBY], [ROPE_MODIFIEDDATE], [ROPE_ISACTIVE], [ROPE_STATUS]) VALUES (10127, 91, 8, NULL, NULL, NULL, NULL, 0, 1)
INSERT [dbo].[ROLE_PERMISSIONS] ([ROPE_ID], [ROPE_ROLID], [ROPE_PERID], [ROPE_CREATEDBY], [ROPE_CREATEDDATE], [ROPE_MODIFIEDBY], [ROPE_MODIFIEDDATE], [ROPE_ISACTIVE], [ROPE_STATUS]) VALUES (10128, 92, 8, NULL, NULL, NULL, NULL, 0, 1)
INSERT [dbo].[ROLE_PERMISSIONS] ([ROPE_ID], [ROPE_ROLID], [ROPE_PERID], [ROPE_CREATEDBY], [ROPE_CREATEDDATE], [ROPE_MODIFIEDBY], [ROPE_MODIFIEDDATE], [ROPE_ISACTIVE], [ROPE_STATUS]) VALUES (10129, 93, 8, NULL, NULL, NULL, NULL, 0, 1)
INSERT [dbo].[ROLE_PERMISSIONS] ([ROPE_ID], [ROPE_ROLID], [ROPE_PERID], [ROPE_CREATEDBY], [ROPE_CREATEDDATE], [ROPE_MODIFIEDBY], [ROPE_MODIFIEDDATE], [ROPE_ISACTIVE], [ROPE_STATUS]) VALUES (10130, 94, 8, NULL, NULL, NULL, NULL, 0, 1)
INSERT [dbo].[ROLE_PERMISSIONS] ([ROPE_ID], [ROPE_ROLID], [ROPE_PERID], [ROPE_CREATEDBY], [ROPE_CREATEDDATE], [ROPE_MODIFIEDBY], [ROPE_MODIFIEDDATE], [ROPE_ISACTIVE], [ROPE_STATUS]) VALUES (10131, 95, 8, NULL, NULL, NULL, NULL, 0, 1)
INSERT [dbo].[ROLE_PERMISSIONS] ([ROPE_ID], [ROPE_ROLID], [ROPE_PERID], [ROPE_CREATEDBY], [ROPE_CREATEDDATE], [ROPE_MODIFIEDBY], [ROPE_MODIFIEDDATE], [ROPE_ISACTIVE], [ROPE_STATUS]) VALUES (10132, 6, 8, NULL, NULL, NULL, NULL, 0, 1)
INSERT [dbo].[ROLE_PERMISSIONS] ([ROPE_ID], [ROPE_ROLID], [ROPE_PERID], [ROPE_CREATEDBY], [ROPE_CREATEDDATE], [ROPE_MODIFIEDBY], [ROPE_MODIFIEDDATE], [ROPE_ISACTIVE], [ROPE_STATUS]) VALUES (10133, 7, 8, NULL, NULL, NULL, NULL, 0, 1)
INSERT [dbo].[ROLE_PERMISSIONS] ([ROPE_ID], [ROPE_ROLID], [ROPE_PERID], [ROPE_CREATEDBY], [ROPE_CREATEDDATE], [ROPE_MODIFIEDBY], [ROPE_MODIFIEDDATE], [ROPE_ISACTIVE], [ROPE_STATUS]) VALUES (10134, 8, 8, NULL, NULL, NULL, NULL, 0, 1)
INSERT [dbo].[ROLE_PERMISSIONS] ([ROPE_ID], [ROPE_ROLID], [ROPE_PERID], [ROPE_CREATEDBY], [ROPE_CREATEDDATE], [ROPE_MODIFIEDBY], [ROPE_MODIFIEDDATE], [ROPE_ISACTIVE], [ROPE_STATUS]) VALUES (10135, 9, 8, NULL, NULL, NULL, NULL, 0, 1)
INSERT [dbo].[ROLE_PERMISSIONS] ([ROPE_ID], [ROPE_ROLID], [ROPE_PERID], [ROPE_CREATEDBY], [ROPE_CREATEDDATE], [ROPE_MODIFIEDBY], [ROPE_MODIFIEDDATE], [ROPE_ISACTIVE], [ROPE_STATUS]) VALUES (10137, 11, 8, NULL, NULL, NULL, NULL, 0, 1)
INSERT [dbo].[ROLE_PERMISSIONS] ([ROPE_ID], [ROPE_ROLID], [ROPE_PERID], [ROPE_CREATEDBY], [ROPE_CREATEDDATE], [ROPE_MODIFIEDBY], [ROPE_MODIFIEDDATE], [ROPE_ISACTIVE], [ROPE_STATUS]) VALUES (10138, 12, 8, NULL, NULL, NULL, NULL, 0, 1)
INSERT [dbo].[ROLE_PERMISSIONS] ([ROPE_ID], [ROPE_ROLID], [ROPE_PERID], [ROPE_CREATEDBY], [ROPE_CREATEDDATE], [ROPE_MODIFIEDBY], [ROPE_MODIFIEDDATE], [ROPE_ISACTIVE], [ROPE_STATUS]) VALUES (10139, 13, 8, NULL, NULL, NULL, NULL, 0, 1)
INSERT [dbo].[ROLE_PERMISSIONS] ([ROPE_ID], [ROPE_ROLID], [ROPE_PERID], [ROPE_CREATEDBY], [ROPE_CREATEDDATE], [ROPE_MODIFIEDBY], [ROPE_MODIFIEDDATE], [ROPE_ISACTIVE], [ROPE_STATUS]) VALUES (10140, 14, 8, NULL, NULL, NULL, NULL, 0, 1)
INSERT [dbo].[ROLE_PERMISSIONS] ([ROPE_ID], [ROPE_ROLID], [ROPE_PERID], [ROPE_CREATEDBY], [ROPE_CREATEDDATE], [ROPE_MODIFIEDBY], [ROPE_MODIFIEDDATE], [ROPE_ISACTIVE], [ROPE_STATUS]) VALUES (10141, 21, 8, NULL, NULL, NULL, NULL, 0, 1)
INSERT [dbo].[ROLE_PERMISSIONS] ([ROPE_ID], [ROPE_ROLID], [ROPE_PERID], [ROPE_CREATEDBY], [ROPE_CREATEDDATE], [ROPE_MODIFIEDBY], [ROPE_MODIFIEDDATE], [ROPE_ISACTIVE], [ROPE_STATUS]) VALUES (10142, 22, 8, NULL, NULL, NULL, NULL, 0, 1)
INSERT [dbo].[ROLE_PERMISSIONS] ([ROPE_ID], [ROPE_ROLID], [ROPE_PERID], [ROPE_CREATEDBY], [ROPE_CREATEDDATE], [ROPE_MODIFIEDBY], [ROPE_MODIFIEDDATE], [ROPE_ISACTIVE], [ROPE_STATUS]) VALUES (10143, 23, 8, NULL, NULL, NULL, NULL, 0, 1)
INSERT [dbo].[ROLE_PERMISSIONS] ([ROPE_ID], [ROPE_ROLID], [ROPE_PERID], [ROPE_CREATEDBY], [ROPE_CREATEDDATE], [ROPE_MODIFIEDBY], [ROPE_MODIFIEDDATE], [ROPE_ISACTIVE], [ROPE_STATUS]) VALUES (10144, 24, 8, NULL, NULL, NULL, NULL, 0, 1)
INSERT [dbo].[ROLE_PERMISSIONS] ([ROPE_ID], [ROPE_ROLID], [ROPE_PERID], [ROPE_CREATEDBY], [ROPE_CREATEDDATE], [ROPE_MODIFIEDBY], [ROPE_MODIFIEDDATE], [ROPE_ISACTIVE], [ROPE_STATUS]) VALUES (10145, 26, 8, NULL, NULL, NULL, NULL, 0, 1)
INSERT [dbo].[ROLE_PERMISSIONS] ([ROPE_ID], [ROPE_ROLID], [ROPE_PERID], [ROPE_CREATEDBY], [ROPE_CREATEDDATE], [ROPE_MODIFIEDBY], [ROPE_MODIFIEDDATE], [ROPE_ISACTIVE], [ROPE_STATUS]) VALUES (10146, 27, 8, NULL, NULL, NULL, NULL, 0, 1)
INSERT [dbo].[ROLE_PERMISSIONS] ([ROPE_ID], [ROPE_ROLID], [ROPE_PERID], [ROPE_CREATEDBY], [ROPE_CREATEDDATE], [ROPE_MODIFIEDBY], [ROPE_MODIFIEDDATE], [ROPE_ISACTIVE], [ROPE_STATUS]) VALUES (10147, 28, 8, NULL, NULL, NULL, NULL, 0, 1)
INSERT [dbo].[ROLE_PERMISSIONS] ([ROPE_ID], [ROPE_ROLID], [ROPE_PERID], [ROPE_CREATEDBY], [ROPE_CREATEDDATE], [ROPE_MODIFIEDBY], [ROPE_MODIFIEDDATE], [ROPE_ISACTIVE], [ROPE_STATUS]) VALUES (10148, 29, 8, NULL, NULL, NULL, NULL, 0, 1)
INSERT [dbo].[ROLE_PERMISSIONS] ([ROPE_ID], [ROPE_ROLID], [ROPE_PERID], [ROPE_CREATEDBY], [ROPE_CREATEDDATE], [ROPE_MODIFIEDBY], [ROPE_MODIFIEDDATE], [ROPE_ISACTIVE], [ROPE_STATUS]) VALUES (10149, 96, 8, NULL, NULL, NULL, NULL, 0, 1)
INSERT [dbo].[ROLE_PERMISSIONS] ([ROPE_ID], [ROPE_ROLID], [ROPE_PERID], [ROPE_CREATEDBY], [ROPE_CREATEDDATE], [ROPE_MODIFIEDBY], [ROPE_MODIFIEDDATE], [ROPE_ISACTIVE], [ROPE_STATUS]) VALUES (10150, 97, 8, NULL, NULL, NULL, NULL, 0, 1)
INSERT [dbo].[ROLE_PERMISSIONS] ([ROPE_ID], [ROPE_ROLID], [ROPE_PERID], [ROPE_CREATEDBY], [ROPE_CREATEDDATE], [ROPE_MODIFIEDBY], [ROPE_MODIFIEDDATE], [ROPE_ISACTIVE], [ROPE_STATUS]) VALUES (10151, 98, 8, NULL, NULL, NULL, NULL, 0, 1)
INSERT [dbo].[ROLE_PERMISSIONS] ([ROPE_ID], [ROPE_ROLID], [ROPE_PERID], [ROPE_CREATEDBY], [ROPE_CREATEDDATE], [ROPE_MODIFIEDBY], [ROPE_MODIFIEDDATE], [ROPE_ISACTIVE], [ROPE_STATUS]) VALUES (10152, 99, 8, NULL, NULL, NULL, NULL, 0, 1)
INSERT [dbo].[ROLE_PERMISSIONS] ([ROPE_ID], [ROPE_ROLID], [ROPE_PERID], [ROPE_CREATEDBY], [ROPE_CREATEDDATE], [ROPE_MODIFIEDBY], [ROPE_MODIFIEDDATE], [ROPE_ISACTIVE], [ROPE_STATUS]) VALUES (10153, 100, 8, NULL, NULL, NULL, NULL, 0, 1)
INSERT [dbo].[ROLE_PERMISSIONS] ([ROPE_ID], [ROPE_ROLID], [ROPE_PERID], [ROPE_CREATEDBY], [ROPE_CREATEDDATE], [ROPE_MODIFIEDBY], [ROPE_MODIFIEDDATE], [ROPE_ISACTIVE], [ROPE_STATUS]) VALUES (10154, 101, 8, NULL, NULL, NULL, NULL, 0, 1)
INSERT [dbo].[ROLE_PERMISSIONS] ([ROPE_ID], [ROPE_ROLID], [ROPE_PERID], [ROPE_CREATEDBY], [ROPE_CREATEDDATE], [ROPE_MODIFIEDBY], [ROPE_MODIFIEDDATE], [ROPE_ISACTIVE], [ROPE_STATUS]) VALUES (10155, 102, 8, NULL, NULL, NULL, NULL, 0, 1)
INSERT [dbo].[ROLE_PERMISSIONS] ([ROPE_ID], [ROPE_ROLID], [ROPE_PERID], [ROPE_CREATEDBY], [ROPE_CREATEDDATE], [ROPE_MODIFIEDBY], [ROPE_MODIFIEDDATE], [ROPE_ISACTIVE], [ROPE_STATUS]) VALUES (10156, 103, 8, NULL, NULL, NULL, NULL, 0, 1)
GO
INSERT [dbo].[ROLE_PERMISSIONS] ([ROPE_ID], [ROPE_ROLID], [ROPE_PERID], [ROPE_CREATEDBY], [ROPE_CREATEDDATE], [ROPE_MODIFIEDBY], [ROPE_MODIFIEDDATE], [ROPE_ISACTIVE], [ROPE_STATUS]) VALUES (10157, 104, 8, NULL, NULL, NULL, NULL, 0, 1)
SET IDENTITY_INSERT [dbo].[ROLE_PERMISSIONS] OFF
SET IDENTITY_INSERT [dbo].[ROLE_TYPES] ON 

INSERT [dbo].[ROLE_TYPES] ([ROTY_ID], [ROTY_NAME], [ROTY_STATUS]) VALUES (1, N'Hệ thống', 1)
INSERT [dbo].[ROLE_TYPES] ([ROTY_ID], [ROTY_NAME], [ROTY_STATUS]) VALUES (2, N'Người dùng', 1)
INSERT [dbo].[ROLE_TYPES] ([ROTY_ID], [ROTY_NAME], [ROTY_STATUS]) VALUES (4, N'Câu hỏi', 1)
INSERT [dbo].[ROLE_TYPES] ([ROTY_ID], [ROTY_NAME], [ROTY_STATUS]) VALUES (5, N'Bài thi', 1)
SET IDENTITY_INSERT [dbo].[ROLE_TYPES] OFF
SET IDENTITY_INSERT [dbo].[ROLES] ON 

INSERT [dbo].[ROLES] ([ROL_ID], [ROL_ACTID], [ROL_TABID], [ROL_URL], [ROL_TRIGGER], [ROL_ISACTIVE], [ROL_STATUS], [ROL_ISPARENT], [ROL_PARENT], [ROL_ROTYID]) VALUES (6, 6, 5, N'/subject', N'sub_all', 1, 1, 1, NULL, 4)
INSERT [dbo].[ROLES] ([ROL_ID], [ROL_ACTID], [ROL_TABID], [ROL_URL], [ROL_TRIGGER], [ROL_ISACTIVE], [ROL_STATUS], [ROL_ISPARENT], [ROL_PARENT], [ROL_ROTYID]) VALUES (7, 1, 5, NULL, N'sub_add', 1, 1, NULL, 6, NULL)
INSERT [dbo].[ROLES] ([ROL_ID], [ROL_ACTID], [ROL_TABID], [ROL_URL], [ROL_TRIGGER], [ROL_ISACTIVE], [ROL_STATUS], [ROL_ISPARENT], [ROL_PARENT], [ROL_ROTYID]) VALUES (8, 2, 5, NULL, N'sub_upd', 1, 1, NULL, 6, NULL)
INSERT [dbo].[ROLES] ([ROL_ID], [ROL_ACTID], [ROL_TABID], [ROL_URL], [ROL_TRIGGER], [ROL_ISACTIVE], [ROL_STATUS], [ROL_ISPARENT], [ROL_PARENT], [ROL_ROTYID]) VALUES (9, 3, 5, NULL, N'sub_del', 1, 1, NULL, 6, NULL)
INSERT [dbo].[ROLES] ([ROL_ID], [ROL_ACTID], [ROL_TABID], [ROL_URL], [ROL_TRIGGER], [ROL_ISACTIVE], [ROL_STATUS], [ROL_ISPARENT], [ROL_PARENT], [ROL_ROTYID]) VALUES (11, 6, 3, N'/part', N'par_all', 1, 1, 1, NULL, 4)
INSERT [dbo].[ROLES] ([ROL_ID], [ROL_ACTID], [ROL_TABID], [ROL_URL], [ROL_TRIGGER], [ROL_ISACTIVE], [ROL_STATUS], [ROL_ISPARENT], [ROL_PARENT], [ROL_ROTYID]) VALUES (12, 1, 3, NULL, N'par_add', 1, 1, NULL, 11, NULL)
INSERT [dbo].[ROLES] ([ROL_ID], [ROL_ACTID], [ROL_TABID], [ROL_URL], [ROL_TRIGGER], [ROL_ISACTIVE], [ROL_STATUS], [ROL_ISPARENT], [ROL_PARENT], [ROL_ROTYID]) VALUES (13, 2, 3, NULL, N'par_upd', 1, 1, NULL, 11, NULL)
INSERT [dbo].[ROLES] ([ROL_ID], [ROL_ACTID], [ROL_TABID], [ROL_URL], [ROL_TRIGGER], [ROL_ISACTIVE], [ROL_STATUS], [ROL_ISPARENT], [ROL_PARENT], [ROL_ROTYID]) VALUES (14, 3, 3, NULL, N'par_del', 1, 1, NULL, 11, NULL)
INSERT [dbo].[ROLES] ([ROL_ID], [ROL_ACTID], [ROL_TABID], [ROL_URL], [ROL_TRIGGER], [ROL_ISACTIVE], [ROL_STATUS], [ROL_ISPARENT], [ROL_PARENT], [ROL_ROTYID]) VALUES (21, 6, 2, N'/passage', N'pas_all', 1, 1, 1, NULL, 4)
INSERT [dbo].[ROLES] ([ROL_ID], [ROL_ACTID], [ROL_TABID], [ROL_URL], [ROL_TRIGGER], [ROL_ISACTIVE], [ROL_STATUS], [ROL_ISPARENT], [ROL_PARENT], [ROL_ROTYID]) VALUES (22, 1, 2, NULL, N'pas_add', 1, 1, NULL, 21, NULL)
INSERT [dbo].[ROLES] ([ROL_ID], [ROL_ACTID], [ROL_TABID], [ROL_URL], [ROL_TRIGGER], [ROL_ISACTIVE], [ROL_STATUS], [ROL_ISPARENT], [ROL_PARENT], [ROL_ROTYID]) VALUES (23, 2, 2, NULL, N'pas_upd', 1, 1, NULL, 21, NULL)
INSERT [dbo].[ROLES] ([ROL_ID], [ROL_ACTID], [ROL_TABID], [ROL_URL], [ROL_TRIGGER], [ROL_ISACTIVE], [ROL_STATUS], [ROL_ISPARENT], [ROL_PARENT], [ROL_ROTYID]) VALUES (24, 3, 2, NULL, N'pas_del', 1, 1, NULL, 21, NULL)
INSERT [dbo].[ROLES] ([ROL_ID], [ROL_ACTID], [ROL_TABID], [ROL_URL], [ROL_TRIGGER], [ROL_ISACTIVE], [ROL_STATUS], [ROL_ISPARENT], [ROL_PARENT], [ROL_ROTYID]) VALUES (26, 6, 1, N'/question', N'que_all', 1, 1, 1, NULL, 4)
INSERT [dbo].[ROLES] ([ROL_ID], [ROL_ACTID], [ROL_TABID], [ROL_URL], [ROL_TRIGGER], [ROL_ISACTIVE], [ROL_STATUS], [ROL_ISPARENT], [ROL_PARENT], [ROL_ROTYID]) VALUES (27, 1, 1, NULL, N'que_add', 1, 1, NULL, 26, NULL)
INSERT [dbo].[ROLES] ([ROL_ID], [ROL_ACTID], [ROL_TABID], [ROL_URL], [ROL_TRIGGER], [ROL_ISACTIVE], [ROL_STATUS], [ROL_ISPARENT], [ROL_PARENT], [ROL_ROTYID]) VALUES (28, 2, 1, NULL, N'que_upd', 1, 1, NULL, 26, NULL)
INSERT [dbo].[ROLES] ([ROL_ID], [ROL_ACTID], [ROL_TABID], [ROL_URL], [ROL_TRIGGER], [ROL_ISACTIVE], [ROL_STATUS], [ROL_ISPARENT], [ROL_PARENT], [ROL_ROTYID]) VALUES (29, 3, 1, NULL, N'que_del', 1, 1, NULL, 26, NULL)
INSERT [dbo].[ROLES] ([ROL_ID], [ROL_ACTID], [ROL_TABID], [ROL_URL], [ROL_TRIGGER], [ROL_ISACTIVE], [ROL_STATUS], [ROL_ISPARENT], [ROL_PARENT], [ROL_ROTYID]) VALUES (31, 6, 7, N'/faculty', N'fac_all', 1, 1, 1, NULL, 1)
INSERT [dbo].[ROLES] ([ROL_ID], [ROL_ACTID], [ROL_TABID], [ROL_URL], [ROL_TRIGGER], [ROL_ISACTIVE], [ROL_STATUS], [ROL_ISPARENT], [ROL_PARENT], [ROL_ROTYID]) VALUES (32, 1, 7, NULL, N'fac_add', 1, 1, NULL, 31, NULL)
INSERT [dbo].[ROLES] ([ROL_ID], [ROL_ACTID], [ROL_TABID], [ROL_URL], [ROL_TRIGGER], [ROL_ISACTIVE], [ROL_STATUS], [ROL_ISPARENT], [ROL_PARENT], [ROL_ROTYID]) VALUES (33, 2, 7, NULL, N'fac_upd', 1, 1, NULL, 31, NULL)
INSERT [dbo].[ROLES] ([ROL_ID], [ROL_ACTID], [ROL_TABID], [ROL_URL], [ROL_TRIGGER], [ROL_ISACTIVE], [ROL_STATUS], [ROL_ISPARENT], [ROL_PARENT], [ROL_ROTYID]) VALUES (34, 3, 7, NULL, N'fac_del', 1, 1, NULL, 31, NULL)
INSERT [dbo].[ROLES] ([ROL_ID], [ROL_ACTID], [ROL_TABID], [ROL_URL], [ROL_TRIGGER], [ROL_ISACTIVE], [ROL_STATUS], [ROL_ISPARENT], [ROL_PARENT], [ROL_ROTYID]) VALUES (36, 6, 12, N'/schoolyear', N'scye_all', 1, 1, 1, NULL, 1)
INSERT [dbo].[ROLES] ([ROL_ID], [ROL_ACTID], [ROL_TABID], [ROL_URL], [ROL_TRIGGER], [ROL_ISACTIVE], [ROL_STATUS], [ROL_ISPARENT], [ROL_PARENT], [ROL_ROTYID]) VALUES (37, 1, 12, NULL, N'scye_add', 1, 1, NULL, 36, NULL)
INSERT [dbo].[ROLES] ([ROL_ID], [ROL_ACTID], [ROL_TABID], [ROL_URL], [ROL_TRIGGER], [ROL_ISACTIVE], [ROL_STATUS], [ROL_ISPARENT], [ROL_PARENT], [ROL_ROTYID]) VALUES (38, 2, 12, NULL, N'scye_upd', 1, 1, NULL, 36, NULL)
INSERT [dbo].[ROLES] ([ROL_ID], [ROL_ACTID], [ROL_TABID], [ROL_URL], [ROL_TRIGGER], [ROL_ISACTIVE], [ROL_STATUS], [ROL_ISPARENT], [ROL_PARENT], [ROL_ROTYID]) VALUES (39, 3, 12, NULL, N'scye_del', 1, 1, NULL, 36, NULL)
INSERT [dbo].[ROLES] ([ROL_ID], [ROL_ACTID], [ROL_TABID], [ROL_URL], [ROL_TRIGGER], [ROL_ISACTIVE], [ROL_STATUS], [ROL_ISPARENT], [ROL_PARENT], [ROL_ROTYID]) VALUES (44, 6, 6, N'/branch', N'bra_all', 1, 1, 1, NULL, 1)
INSERT [dbo].[ROLES] ([ROL_ID], [ROL_ACTID], [ROL_TABID], [ROL_URL], [ROL_TRIGGER], [ROL_ISACTIVE], [ROL_STATUS], [ROL_ISPARENT], [ROL_PARENT], [ROL_ROTYID]) VALUES (45, 1, 6, NULL, N'bra_add', 1, 1, NULL, 44, NULL)
INSERT [dbo].[ROLES] ([ROL_ID], [ROL_ACTID], [ROL_TABID], [ROL_URL], [ROL_TRIGGER], [ROL_ISACTIVE], [ROL_STATUS], [ROL_ISPARENT], [ROL_PARENT], [ROL_ROTYID]) VALUES (46, 2, 6, NULL, N'bra_upd', 1, 1, NULL, 44, NULL)
INSERT [dbo].[ROLES] ([ROL_ID], [ROL_ACTID], [ROL_TABID], [ROL_URL], [ROL_TRIGGER], [ROL_ISACTIVE], [ROL_STATUS], [ROL_ISPARENT], [ROL_PARENT], [ROL_ROTYID]) VALUES (47, 3, 6, NULL, N'bra_del', 1, 1, NULL, 44, NULL)
INSERT [dbo].[ROLES] ([ROL_ID], [ROL_ACTID], [ROL_TABID], [ROL_URL], [ROL_TRIGGER], [ROL_ISACTIVE], [ROL_STATUS], [ROL_ISPARENT], [ROL_PARENT], [ROL_ROTYID]) VALUES (50, 6, 4, N'/answertype', N'ans_all', 1, 1, 1, NULL, 1)
INSERT [dbo].[ROLES] ([ROL_ID], [ROL_ACTID], [ROL_TABID], [ROL_URL], [ROL_TRIGGER], [ROL_ISACTIVE], [ROL_STATUS], [ROL_ISPARENT], [ROL_PARENT], [ROL_ROTYID]) VALUES (51, 1, 4, NULL, N'ans_upd', 1, 1, NULL, 50, NULL)
INSERT [dbo].[ROLES] ([ROL_ID], [ROL_ACTID], [ROL_TABID], [ROL_URL], [ROL_TRIGGER], [ROL_ISACTIVE], [ROL_STATUS], [ROL_ISPARENT], [ROL_PARENT], [ROL_ROTYID]) VALUES (55, 6, 1019, N'/testtype', N'test_all', 1, 1, 1, NULL, 1)
INSERT [dbo].[ROLES] ([ROL_ID], [ROL_ACTID], [ROL_TABID], [ROL_URL], [ROL_TRIGGER], [ROL_ISACTIVE], [ROL_STATUS], [ROL_ISPARENT], [ROL_PARENT], [ROL_ROTYID]) VALUES (56, 1, 1019, NULL, N'test_add', 1, 1, NULL, 55, NULL)
INSERT [dbo].[ROLES] ([ROL_ID], [ROL_ACTID], [ROL_TABID], [ROL_URL], [ROL_TRIGGER], [ROL_ISACTIVE], [ROL_STATUS], [ROL_ISPARENT], [ROL_PARENT], [ROL_ROTYID]) VALUES (57, 2, 1019, NULL, N'test_upd', 1, 1, NULL, 55, NULL)
INSERT [dbo].[ROLES] ([ROL_ID], [ROL_ACTID], [ROL_TABID], [ROL_URL], [ROL_TRIGGER], [ROL_ISACTIVE], [ROL_STATUS], [ROL_ISPARENT], [ROL_PARENT], [ROL_ROTYID]) VALUES (58, 3, 1019, NULL, N'test_del', 1, 1, NULL, 55, NULL)
INSERT [dbo].[ROLES] ([ROL_ID], [ROL_ACTID], [ROL_TABID], [ROL_URL], [ROL_TRIGGER], [ROL_ISACTIVE], [ROL_STATUS], [ROL_ISPARENT], [ROL_PARENT], [ROL_ROTYID]) VALUES (59, 6, 13, N'/class', N'cla_all', 1, 1, 1, NULL, 1)
INSERT [dbo].[ROLES] ([ROL_ID], [ROL_ACTID], [ROL_TABID], [ROL_URL], [ROL_TRIGGER], [ROL_ISACTIVE], [ROL_STATUS], [ROL_ISPARENT], [ROL_PARENT], [ROL_ROTYID]) VALUES (60, 1, 13, NULL, N'cla_add', 1, 1, NULL, 59, NULL)
INSERT [dbo].[ROLES] ([ROL_ID], [ROL_ACTID], [ROL_TABID], [ROL_URL], [ROL_TRIGGER], [ROL_ISACTIVE], [ROL_STATUS], [ROL_ISPARENT], [ROL_PARENT], [ROL_ROTYID]) VALUES (61, 2, 13, NULL, N'cla_upd', 1, 1, NULL, 59, NULL)
INSERT [dbo].[ROLES] ([ROL_ID], [ROL_ACTID], [ROL_TABID], [ROL_URL], [ROL_TRIGGER], [ROL_ISACTIVE], [ROL_STATUS], [ROL_ISPARENT], [ROL_PARENT], [ROL_ROTYID]) VALUES (62, 3, 13, NULL, N'cla_del', 1, 1, NULL, 59, NULL)
INSERT [dbo].[ROLES] ([ROL_ID], [ROL_ACTID], [ROL_TABID], [ROL_URL], [ROL_TRIGGER], [ROL_ISACTIVE], [ROL_STATUS], [ROL_ISPARENT], [ROL_PARENT], [ROL_ROTYID]) VALUES (63, 6, 1015, N'/lab', N'lab_all', 1, 1, 1, NULL, 1)
INSERT [dbo].[ROLES] ([ROL_ID], [ROL_ACTID], [ROL_TABID], [ROL_URL], [ROL_TRIGGER], [ROL_ISACTIVE], [ROL_STATUS], [ROL_ISPARENT], [ROL_PARENT], [ROL_ROTYID]) VALUES (64, 1, 1015, NULL, N'lab_add', 1, 1, NULL, 63, NULL)
INSERT [dbo].[ROLES] ([ROL_ID], [ROL_ACTID], [ROL_TABID], [ROL_URL], [ROL_TRIGGER], [ROL_ISACTIVE], [ROL_STATUS], [ROL_ISPARENT], [ROL_PARENT], [ROL_ROTYID]) VALUES (65, 2, 1015, NULL, N'lab_upd', 1, 1, NULL, 63, NULL)
INSERT [dbo].[ROLES] ([ROL_ID], [ROL_ACTID], [ROL_TABID], [ROL_URL], [ROL_TRIGGER], [ROL_ISACTIVE], [ROL_STATUS], [ROL_ISPARENT], [ROL_PARENT], [ROL_ROTYID]) VALUES (66, 3, 1015, NULL, N'lab_del', 1, 1, NULL, 63, NULL)
INSERT [dbo].[ROLES] ([ROL_ID], [ROL_ACTID], [ROL_TABID], [ROL_URL], [ROL_TRIGGER], [ROL_ISACTIVE], [ROL_STATUS], [ROL_ISPARENT], [ROL_PARENT], [ROL_ROTYID]) VALUES (67, 6, 1018, N'/testshift', N'tesf_all', 1, 1, 1, NULL, 1)
INSERT [dbo].[ROLES] ([ROL_ID], [ROL_ACTID], [ROL_TABID], [ROL_URL], [ROL_TRIGGER], [ROL_ISACTIVE], [ROL_STATUS], [ROL_ISPARENT], [ROL_PARENT], [ROL_ROTYID]) VALUES (68, 1, 1018, NULL, N'tesf_add', 1, 1, NULL, 67, NULL)
INSERT [dbo].[ROLES] ([ROL_ID], [ROL_ACTID], [ROL_TABID], [ROL_URL], [ROL_TRIGGER], [ROL_ISACTIVE], [ROL_STATUS], [ROL_ISPARENT], [ROL_PARENT], [ROL_ROTYID]) VALUES (69, 2, 1018, NULL, N'tesf_upd', 1, 1, NULL, 67, NULL)
INSERT [dbo].[ROLES] ([ROL_ID], [ROL_ACTID], [ROL_TABID], [ROL_URL], [ROL_TRIGGER], [ROL_ISACTIVE], [ROL_STATUS], [ROL_ISPARENT], [ROL_PARENT], [ROL_ROTYID]) VALUES (70, 3, 1018, NULL, N'tesf_del', 1, 1, NULL, 67, NULL)
INSERT [dbo].[ROLES] ([ROL_ID], [ROL_ACTID], [ROL_TABID], [ROL_URL], [ROL_TRIGGER], [ROL_ISACTIVE], [ROL_STATUS], [ROL_ISPARENT], [ROL_PARENT], [ROL_ROTYID]) VALUES (71, 6, 10, N'/information', N'inf_all', 1, 1, 1, NULL, 1)
INSERT [dbo].[ROLES] ([ROL_ID], [ROL_ACTID], [ROL_TABID], [ROL_URL], [ROL_TRIGGER], [ROL_ISACTIVE], [ROL_STATUS], [ROL_ISPARENT], [ROL_PARENT], [ROL_ROTYID]) VALUES (72, 1, 10, NULL, N'inf_add', 1, 1, NULL, 71, NULL)
INSERT [dbo].[ROLES] ([ROL_ID], [ROL_ACTID], [ROL_TABID], [ROL_URL], [ROL_TRIGGER], [ROL_ISACTIVE], [ROL_STATUS], [ROL_ISPARENT], [ROL_PARENT], [ROL_ROTYID]) VALUES (73, 2, 10, NULL, N'inf_upd', 1, 1, NULL, 71, NULL)
INSERT [dbo].[ROLES] ([ROL_ID], [ROL_ACTID], [ROL_TABID], [ROL_URL], [ROL_TRIGGER], [ROL_ISACTIVE], [ROL_STATUS], [ROL_ISPARENT], [ROL_PARENT], [ROL_ROTYID]) VALUES (74, 3, 10, NULL, N'inf_del', 1, 1, NULL, 71, NULL)
INSERT [dbo].[ROLES] ([ROL_ID], [ROL_ACTID], [ROL_TABID], [ROL_URL], [ROL_TRIGGER], [ROL_ISACTIVE], [ROL_STATUS], [ROL_ISPARENT], [ROL_PARENT], [ROL_ROTYID]) VALUES (75, 6, 1021, N'/setting', N'set_all', 1, 1, 1, NULL, 1)
INSERT [dbo].[ROLES] ([ROL_ID], [ROL_ACTID], [ROL_TABID], [ROL_URL], [ROL_TRIGGER], [ROL_ISACTIVE], [ROL_STATUS], [ROL_ISPARENT], [ROL_PARENT], [ROL_ROTYID]) VALUES (76, 1, 1021, NULL, N'set_upd', 1, 1, NULL, 75, NULL)
INSERT [dbo].[ROLES] ([ROL_ID], [ROL_ACTID], [ROL_TABID], [ROL_URL], [ROL_TRIGGER], [ROL_ISACTIVE], [ROL_STATUS], [ROL_ISPARENT], [ROL_PARENT], [ROL_ROTYID]) VALUES (80, 6, 1020, N'/log', N'log_all', 1, 1, 1, NULL, 1)
INSERT [dbo].[ROLES] ([ROL_ID], [ROL_ACTID], [ROL_TABID], [ROL_URL], [ROL_TRIGGER], [ROL_ISACTIVE], [ROL_STATUS], [ROL_ISPARENT], [ROL_PARENT], [ROL_ROTYID]) VALUES (84, 6, 8, N'/permission', N'per_all', 1, 1, 1, NULL, 2)
INSERT [dbo].[ROLES] ([ROL_ID], [ROL_ACTID], [ROL_TABID], [ROL_URL], [ROL_TRIGGER], [ROL_ISACTIVE], [ROL_STATUS], [ROL_ISPARENT], [ROL_PARENT], [ROL_ROTYID]) VALUES (85, 1, 8, NULL, N'per_add', 1, 1, NULL, 84, NULL)
INSERT [dbo].[ROLES] ([ROL_ID], [ROL_ACTID], [ROL_TABID], [ROL_URL], [ROL_TRIGGER], [ROL_ISACTIVE], [ROL_STATUS], [ROL_ISPARENT], [ROL_PARENT], [ROL_ROTYID]) VALUES (86, 2, 8, NULL, N'per_upd', 1, 1, NULL, 84, NULL)
INSERT [dbo].[ROLES] ([ROL_ID], [ROL_ACTID], [ROL_TABID], [ROL_URL], [ROL_TRIGGER], [ROL_ISACTIVE], [ROL_STATUS], [ROL_ISPARENT], [ROL_PARENT], [ROL_ROTYID]) VALUES (87, 3, 8, NULL, N'per_del', 1, 1, NULL, 84, NULL)
INSERT [dbo].[ROLES] ([ROL_ID], [ROL_ACTID], [ROL_TABID], [ROL_URL], [ROL_TRIGGER], [ROL_ISACTIVE], [ROL_STATUS], [ROL_ISPARENT], [ROL_PARENT], [ROL_ROTYID]) VALUES (88, 6, 9, N'/employee', N'emp_all', 1, 1, 1, NULL, 2)
INSERT [dbo].[ROLES] ([ROL_ID], [ROL_ACTID], [ROL_TABID], [ROL_URL], [ROL_TRIGGER], [ROL_ISACTIVE], [ROL_STATUS], [ROL_ISPARENT], [ROL_PARENT], [ROL_ROTYID]) VALUES (89, 1, 9, NULL, N'emp_add', 1, 1, NULL, 88, NULL)
INSERT [dbo].[ROLES] ([ROL_ID], [ROL_ACTID], [ROL_TABID], [ROL_URL], [ROL_TRIGGER], [ROL_ISACTIVE], [ROL_STATUS], [ROL_ISPARENT], [ROL_PARENT], [ROL_ROTYID]) VALUES (90, 2, 9, NULL, N'emp_upd', 1, 1, NULL, 88, NULL)
INSERT [dbo].[ROLES] ([ROL_ID], [ROL_ACTID], [ROL_TABID], [ROL_URL], [ROL_TRIGGER], [ROL_ISACTIVE], [ROL_STATUS], [ROL_ISPARENT], [ROL_PARENT], [ROL_ROTYID]) VALUES (91, 3, 9, NULL, N'emp_del', 1, 1, NULL, 88, NULL)
INSERT [dbo].[ROLES] ([ROL_ID], [ROL_ACTID], [ROL_TABID], [ROL_URL], [ROL_TRIGGER], [ROL_ISACTIVE], [ROL_STATUS], [ROL_ISPARENT], [ROL_PARENT], [ROL_ROTYID]) VALUES (92, 6, 14, N'/student', N'stu_all', 1, 1, 1, NULL, 2)
INSERT [dbo].[ROLES] ([ROL_ID], [ROL_ACTID], [ROL_TABID], [ROL_URL], [ROL_TRIGGER], [ROL_ISACTIVE], [ROL_STATUS], [ROL_ISPARENT], [ROL_PARENT], [ROL_ROTYID]) VALUES (93, 1, 14, NULL, N'stu_add', 1, 1, NULL, 92, NULL)
INSERT [dbo].[ROLES] ([ROL_ID], [ROL_ACTID], [ROL_TABID], [ROL_URL], [ROL_TRIGGER], [ROL_ISACTIVE], [ROL_STATUS], [ROL_ISPARENT], [ROL_PARENT], [ROL_ROTYID]) VALUES (94, 2, 14, NULL, N'stu_upd', 1, 1, NULL, 92, NULL)
INSERT [dbo].[ROLES] ([ROL_ID], [ROL_ACTID], [ROL_TABID], [ROL_URL], [ROL_TRIGGER], [ROL_ISACTIVE], [ROL_STATUS], [ROL_ISPARENT], [ROL_PARENT], [ROL_ROTYID]) VALUES (95, 3, 14, NULL, N'stu_del', 1, 1, NULL, 92, NULL)
INSERT [dbo].[ROLES] ([ROL_ID], [ROL_ACTID], [ROL_TABID], [ROL_URL], [ROL_TRIGGER], [ROL_ISACTIVE], [ROL_STATUS], [ROL_ISPARENT], [ROL_PARENT], [ROL_ROTYID]) VALUES (96, 6, 1016, N'/test', N'tes_all', 1, 1, 1, NULL, 5)
INSERT [dbo].[ROLES] ([ROL_ID], [ROL_ACTID], [ROL_TABID], [ROL_URL], [ROL_TRIGGER], [ROL_ISACTIVE], [ROL_STATUS], [ROL_ISPARENT], [ROL_PARENT], [ROL_ROTYID]) VALUES (97, 1, 1016, NULL, N'tes_add', 1, 1, NULL, 96, NULL)
INSERT [dbo].[ROLES] ([ROL_ID], [ROL_ACTID], [ROL_TABID], [ROL_URL], [ROL_TRIGGER], [ROL_ISACTIVE], [ROL_STATUS], [ROL_ISPARENT], [ROL_PARENT], [ROL_ROTYID]) VALUES (98, 2, 1016, NULL, N'tes_upd', 1, 1, NULL, 96, NULL)
INSERT [dbo].[ROLES] ([ROL_ID], [ROL_ACTID], [ROL_TABID], [ROL_URL], [ROL_TRIGGER], [ROL_ISACTIVE], [ROL_STATUS], [ROL_ISPARENT], [ROL_PARENT], [ROL_ROTYID]) VALUES (99, 3, 1016, NULL, N'tes_del', 1, 1, NULL, 96, NULL)
INSERT [dbo].[ROLES] ([ROL_ID], [ROL_ACTID], [ROL_TABID], [ROL_URL], [ROL_TRIGGER], [ROL_ISACTIVE], [ROL_STATUS], [ROL_ISPARENT], [ROL_PARENT], [ROL_ROTYID]) VALUES (100, 5, 1016, NULL, N'tes_acc', 1, 1, NULL, 96, NULL)
INSERT [dbo].[ROLES] ([ROL_ID], [ROL_ACTID], [ROL_TABID], [ROL_URL], [ROL_TRIGGER], [ROL_ISACTIVE], [ROL_STATUS], [ROL_ISPARENT], [ROL_PARENT], [ROL_ROTYID]) VALUES (101, 6, 1017, N'/scheduletest', N'scte_all', 1, 1, 1, NULL, 5)
INSERT [dbo].[ROLES] ([ROL_ID], [ROL_ACTID], [ROL_TABID], [ROL_URL], [ROL_TRIGGER], [ROL_ISACTIVE], [ROL_STATUS], [ROL_ISPARENT], [ROL_PARENT], [ROL_ROTYID]) VALUES (102, 1, 1017, NULL, N'scte_add', 1, 1, NULL, 101, NULL)
INSERT [dbo].[ROLES] ([ROL_ID], [ROL_ACTID], [ROL_TABID], [ROL_URL], [ROL_TRIGGER], [ROL_ISACTIVE], [ROL_STATUS], [ROL_ISPARENT], [ROL_PARENT], [ROL_ROTYID]) VALUES (103, 2, 1017, NULL, N'scte_upd', 1, 1, NULL, 101, NULL)
INSERT [dbo].[ROLES] ([ROL_ID], [ROL_ACTID], [ROL_TABID], [ROL_URL], [ROL_TRIGGER], [ROL_ISACTIVE], [ROL_STATUS], [ROL_ISPARENT], [ROL_PARENT], [ROL_ROTYID]) VALUES (104, 3, 1017, NULL, N'scte_del', 1, 1, NULL, 101, NULL)
INSERT [dbo].[ROLES] ([ROL_ID], [ROL_ACTID], [ROL_TABID], [ROL_URL], [ROL_TRIGGER], [ROL_ISACTIVE], [ROL_STATUS], [ROL_ISPARENT], [ROL_PARENT], [ROL_ROTYID]) VALUES (105, 8, 1022, NULL, NULL, 1, 1, 1, NULL, 1)
SET IDENTITY_INSERT [dbo].[ROLES] OFF
SET IDENTITY_INSERT [dbo].[SETTING_TYPES] ON 

INSERT [dbo].[SETTING_TYPES] ([SETY_ID], [SETY_NAME]) VALUES (1, N'chung')
INSERT [dbo].[SETTING_TYPES] ([SETY_ID], [SETY_NAME]) VALUES (2, N'tài khoản người dùng')
INSERT [dbo].[SETTING_TYPES] ([SETY_ID], [SETY_NAME]) VALUES (3, N'câu hỏi')
INSERT [dbo].[SETTING_TYPES] ([SETY_ID], [SETY_NAME]) VALUES (4, N'ngành học')
INSERT [dbo].[SETTING_TYPES] ([SETY_ID], [SETY_NAME]) VALUES (5, N'bài thi')
SET IDENTITY_INSERT [dbo].[SETTING_TYPES] OFF
SET IDENTITY_INSERT [dbo].[SETTINGS] ON 

INSERT [dbo].[SETTINGS] ([SET_ID], [SET_NAME], [SET_VALUE], [SET_ISACTIVE], [SET_MODIFIEDBY], [SET_MODIFIEDDATE], [SET_SETYID], [SET_UNIT], [SET_NOTE], [SET_CHOICE], [SET_CHOICEVALUE], [SET_MULTICHOICE], [SET_MULTICHOICEVALUE]) VALUES (1, N'Độ dài tên tài khoản tối thiểu', 6, NULL, NULL, NULL, 2, N'ký tự', NULL, NULL, NULL, NULL, NULL)
INSERT [dbo].[SETTINGS] ([SET_ID], [SET_NAME], [SET_VALUE], [SET_ISACTIVE], [SET_MODIFIEDBY], [SET_MODIFIEDDATE], [SET_SETYID], [SET_UNIT], [SET_NOTE], [SET_CHOICE], [SET_CHOICEVALUE], [SET_MULTICHOICE], [SET_MULTICHOICEVALUE]) VALUES (2, N'Độ dài mật khẩu tối thiểu', 6, NULL, NULL, NULL, 2, N'ký tự', NULL, NULL, NULL, NULL, NULL)
INSERT [dbo].[SETTINGS] ([SET_ID], [SET_NAME], [SET_VALUE], [SET_ISACTIVE], [SET_MODIFIEDBY], [SET_MODIFIEDDATE], [SET_SETYID], [SET_UNIT], [SET_NOTE], [SET_CHOICE], [SET_CHOICEVALUE], [SET_MULTICHOICE], [SET_MULTICHOICEVALUE]) VALUES (3, N'Tự động tạo mã', NULL, 1, NULL, NULL, 1, NULL, N'Tự động tạo mã như: mã sinh viên, môn học,... khi thêm mới', NULL, NULL, NULL, NULL)
INSERT [dbo].[SETTINGS] ([SET_ID], [SET_NAME], [SET_VALUE], [SET_ISACTIVE], [SET_MODIFIEDBY], [SET_MODIFIEDDATE], [SET_SETYID], [SET_UNIT], [SET_NOTE], [SET_CHOICE], [SET_CHOICEVALUE], [SET_MULTICHOICE], [SET_MULTICHOICEVALUE]) VALUES (4, N'Cho phép chia chuyên ngành', NULL, 1, NULL, NULL, 4, NULL, N'Cho phép tạo ngành học con cho từng ngành ( Ví dụ: Trong ngành Công nghệ thông tin có các chuyên ngành Khoa học máy tính, Ứng dụng phần mềm)', NULL, NULL, NULL, NULL)
INSERT [dbo].[SETTINGS] ([SET_ID], [SET_NAME], [SET_VALUE], [SET_ISACTIVE], [SET_MODIFIEDBY], [SET_MODIFIEDDATE], [SET_SETYID], [SET_UNIT], [SET_NOTE], [SET_CHOICE], [SET_CHOICEVALUE], [SET_MULTICHOICE], [SET_MULTICHOICEVALUE]) VALUES (5, N'Cấp kế thừa tối đa', NULL, NULL, NULL, NULL, 4, N'cấp', N'Số lượng các cấp lồng nhau của ngành học ( Ví dụ: Chuyên ngành "Thiết kế web" thuộc chuyên ngành "Công nghệ phần mềm" và chuyên ngành "Công nghệ phần mềm" thuộc ngành "Công nghệ thông tin" => lồng nhau 3 cấp)', N'2/3/4', N'2', NULL, NULL)
INSERT [dbo].[SETTINGS] ([SET_ID], [SET_NAME], [SET_VALUE], [SET_ISACTIVE], [SET_MODIFIEDBY], [SET_MODIFIEDDATE], [SET_SETYID], [SET_UNIT], [SET_NOTE], [SET_CHOICE], [SET_CHOICEVALUE], [SET_MULTICHOICE], [SET_MULTICHOICEVALUE]) VALUES (6, N'Kế thừa môn học', NULL, 1, NULL, NULL, 4, NULL, N'Cho phép các chuyên ngành sử dụng các môn học của ngành cha ( Ví dụ: Ngành "Công nghê thông tin" có môn học "Cơ sở dữ liệu" thì chuyên ngành "Công nghệ phần mềm" thuộc ngành "Công nghệ thông tin" cũng có môn học "Cơ sở dữ liệu").', NULL, NULL, NULL, NULL)
INSERT [dbo].[SETTINGS] ([SET_ID], [SET_NAME], [SET_VALUE], [SET_ISACTIVE], [SET_MODIFIEDBY], [SET_MODIFIEDDATE], [SET_SETYID], [SET_UNIT], [SET_NOTE], [SET_CHOICE], [SET_CHOICEVALUE], [SET_MULTICHOICE], [SET_MULTICHOICEVALUE]) VALUES (9, N'Hiển thị độ khó', NULL, NULL, NULL, NULL, 1, NULL, NULL, N'Bằng chữ/Bằng số', N'Bằng chữ', NULL, NULL)
INSERT [dbo].[SETTINGS] ([SET_ID], [SET_NAME], [SET_VALUE], [SET_ISACTIVE], [SET_MODIFIEDBY], [SET_MODIFIEDDATE], [SET_SETYID], [SET_UNIT], [SET_NOTE], [SET_CHOICE], [SET_CHOICEVALUE], [SET_MULTICHOICE], [SET_MULTICHOICEVALUE]) VALUES (10, N'Sử dụng loại câu hỏi', NULL, NULL, NULL, NULL, 3, NULL, NULL, NULL, NULL, N'Một đáp án/Nhiều đáp án/Đúng sai', N'1/1/1')
INSERT [dbo].[SETTINGS] ([SET_ID], [SET_NAME], [SET_VALUE], [SET_ISACTIVE], [SET_MODIFIEDBY], [SET_MODIFIEDDATE], [SET_SETYID], [SET_UNIT], [SET_NOTE], [SET_CHOICE], [SET_CHOICEVALUE], [SET_MULTICHOICE], [SET_MULTICHOICEVALUE]) VALUES (11, N'Định dạng điểm', NULL, NULL, NULL, NULL, 5, NULL, NULL, NULL, NULL, N'Hệ 10/Hệ 4', N'1/1')
SET IDENTITY_INSERT [dbo].[SETTINGS] OFF
SET IDENTITY_INSERT [dbo].[TABLES] ON 

INSERT [dbo].[TABLES] ([TAB_ID], [TAB_NAME], [TAB_STATUS], [TAB_CODE]) VALUES (1, N'Câu hỏi', 1, N'que')
INSERT [dbo].[TABLES] ([TAB_ID], [TAB_NAME], [TAB_STATUS], [TAB_CODE]) VALUES (2, N'Đoạn văn', 1, N'pas')
INSERT [dbo].[TABLES] ([TAB_ID], [TAB_NAME], [TAB_STATUS], [TAB_CODE]) VALUES (3, N'Học phần', 1, N'par')
INSERT [dbo].[TABLES] ([TAB_ID], [TAB_NAME], [TAB_STATUS], [TAB_CODE]) VALUES (4, N'Loại câu hỏi', 1, N'anty')
INSERT [dbo].[TABLES] ([TAB_ID], [TAB_NAME], [TAB_STATUS], [TAB_CODE]) VALUES (5, N'Môn học', 1, N'sub')
INSERT [dbo].[TABLES] ([TAB_ID], [TAB_NAME], [TAB_STATUS], [TAB_CODE]) VALUES (6, N'Ngành học', 1, N'bra')
INSERT [dbo].[TABLES] ([TAB_ID], [TAB_NAME], [TAB_STATUS], [TAB_CODE]) VALUES (7, N'Khoa', 1, N'fac')
INSERT [dbo].[TABLES] ([TAB_ID], [TAB_NAME], [TAB_STATUS], [TAB_CODE]) VALUES (8, N'Vai trò', 1, N'per')
INSERT [dbo].[TABLES] ([TAB_ID], [TAB_NAME], [TAB_STATUS], [TAB_CODE]) VALUES (9, N'Nhân viên', 1, N'emp')
INSERT [dbo].[TABLES] ([TAB_ID], [TAB_NAME], [TAB_STATUS], [TAB_CODE]) VALUES (10, N'Thông tin trang web', 1, N'inf')
INSERT [dbo].[TABLES] ([TAB_ID], [TAB_NAME], [TAB_STATUS], [TAB_CODE]) VALUES (11, N'Tài khoản', 1, N'use')
INSERT [dbo].[TABLES] ([TAB_ID], [TAB_NAME], [TAB_STATUS], [TAB_CODE]) VALUES (12, N'Niên khóa', 1, N'sch')
INSERT [dbo].[TABLES] ([TAB_ID], [TAB_NAME], [TAB_STATUS], [TAB_CODE]) VALUES (13, N'Lớp học', 1, N'cla')
INSERT [dbo].[TABLES] ([TAB_ID], [TAB_NAME], [TAB_STATUS], [TAB_CODE]) VALUES (14, N'Sinh viên', 1, N'stu')
INSERT [dbo].[TABLES] ([TAB_ID], [TAB_NAME], [TAB_STATUS], [TAB_CODE]) VALUES (1015, N'Phòng thi', 1, N'lab')
INSERT [dbo].[TABLES] ([TAB_ID], [TAB_NAME], [TAB_STATUS], [TAB_CODE]) VALUES (1016, N'Đề thi', 1, N'tes')
INSERT [dbo].[TABLES] ([TAB_ID], [TAB_NAME], [TAB_STATUS], [TAB_CODE]) VALUES (1017, N'Lịch thi', 1, N'scte')
INSERT [dbo].[TABLES] ([TAB_ID], [TAB_NAME], [TAB_STATUS], [TAB_CODE]) VALUES (1018, N'Ca thi', 1, N'tesf')
INSERT [dbo].[TABLES] ([TAB_ID], [TAB_NAME], [TAB_STATUS], [TAB_CODE]) VALUES (1019, N'Loại bài thi', 1, N'test')
INSERT [dbo].[TABLES] ([TAB_ID], [TAB_NAME], [TAB_STATUS], [TAB_CODE]) VALUES (1020, N'Lịch sử', 1, N'log')
INSERT [dbo].[TABLES] ([TAB_ID], [TAB_NAME], [TAB_STATUS], [TAB_CODE]) VALUES (1021, N'Thiết lập hệ thống', 1, N'set')
INSERT [dbo].[TABLES] ([TAB_ID], [TAB_NAME], [TAB_STATUS], [TAB_CODE]) VALUES (1022, N'Ràng buộc', 1, NULL)
SET IDENTITY_INSERT [dbo].[TABLES] OFF
SET IDENTITY_INSERT [dbo].[USER_PERMISSIONS] ON 

INSERT [dbo].[USER_PERMISSIONS] ([USPE_ID], [USPE_USEID], [USPE_PERID], [USPE_CREATEDBY], [USPE_CREATEDDATE], [USPE_MODIFIEDBY], [USPE_MODIFIEDDATE], [USPE_STATUS], [USPE_ISACTIVE]) VALUES (1, 51, 1, NULL, NULL, NULL, NULL, 1, 1)
SET IDENTITY_INSERT [dbo].[USER_PERMISSIONS] OFF
SET IDENTITY_INSERT [dbo].[USERS] ON 

INSERT [dbo].[USERS] ([USE_ID], [USE_USERNAME], [USE_PASSWORD], [USE_CREATEDBY], [USE_CREATEDDATE], [USE_MODIFIEDBY], [USE_MODIFIEDDATE], [USE_ISACTIVE], [USE_STATUS], [USE_ISDELETED], [USE_RAWPASSWORD]) VALUES (51, N'superadmin', N'889A3A791B3875CFAE413574B53DA4BB8A90D53E', NULL, CAST(N'2020-08-10T19:34:43.480' AS DateTime), NULL, NULL, 1, 1, 0, NULL)
SET IDENTITY_INSERT [dbo].[USERS] OFF
ALTER TABLE [dbo].[ANSWER_TYPES]  WITH CHECK ADD FOREIGN KEY([ANTY_CREATEDBY])
REFERENCES [dbo].[USERS] ([USE_ID])
GO
ALTER TABLE [dbo].[ANSWER_TYPES]  WITH CHECK ADD FOREIGN KEY([ANTY_MODIFIEDBY])
REFERENCES [dbo].[USERS] ([USE_ID])
GO
ALTER TABLE [dbo].[BRANCHES]  WITH CHECK ADD FOREIGN KEY([BRA_CREATEDBY])
REFERENCES [dbo].[USERS] ([USE_ID])
GO
ALTER TABLE [dbo].[BRANCHES]  WITH CHECK ADD FOREIGN KEY([BRA_FACID])
REFERENCES [dbo].[FACULTIES] ([FAC_ID])
GO
ALTER TABLE [dbo].[BRANCHES]  WITH CHECK ADD FOREIGN KEY([BRA_MODIFIEDBY])
REFERENCES [dbo].[USERS] ([USE_ID])
GO
ALTER TABLE [dbo].[BRANCHES]  WITH CHECK ADD FOREIGN KEY([BRA_PARENT])
REFERENCES [dbo].[BRANCHES] ([BRA_ID])
GO
ALTER TABLE [dbo].[CLASSES]  WITH CHECK ADD FOREIGN KEY([CLA_BRAID])
REFERENCES [dbo].[BRANCHES] ([BRA_ID])
GO
ALTER TABLE [dbo].[CLASSES]  WITH CHECK ADD FOREIGN KEY([CLA_CREATEDBY])
REFERENCES [dbo].[USERS] ([USE_ID])
GO
ALTER TABLE [dbo].[CLASSES]  WITH CHECK ADD FOREIGN KEY([CLA_MODIFIEDBY])
REFERENCES [dbo].[USERS] ([USE_ID])
GO
ALTER TABLE [dbo].[CLASSES]  WITH CHECK ADD FOREIGN KEY([CLA_SCYEID])
REFERENCES [dbo].[SCHOOLYEARS] ([SCYE_ID])
GO
ALTER TABLE [dbo].[EMPLOYEE_SUBJECTS]  WITH CHECK ADD FOREIGN KEY([EMSU_EMPID])
REFERENCES [dbo].[EMPLOYEES] ([EMP_ID])
GO
ALTER TABLE [dbo].[EMPLOYEE_SUBJECTS]  WITH CHECK ADD FOREIGN KEY([EMSU_SUBID])
REFERENCES [dbo].[SUBJECTS] ([SUB_ID])
GO
ALTER TABLE [dbo].[EMPLOYEE_SUBJECTS]  WITH CHECK ADD FOREIGN KEY([EMSU_CREATEDBY])
REFERENCES [dbo].[USERS] ([USE_ID])
GO
ALTER TABLE [dbo].[EMPLOYEES]  WITH CHECK ADD FOREIGN KEY([EMP_CREATEDBY])
REFERENCES [dbo].[USERS] ([USE_ID])
GO
ALTER TABLE [dbo].[EMPLOYEES]  WITH CHECK ADD FOREIGN KEY([EMP_FACID])
REFERENCES [dbo].[FACULTIES] ([FAC_ID])
GO
ALTER TABLE [dbo].[EMPLOYEES]  WITH CHECK ADD FOREIGN KEY([EMP_MODIFIEDBY])
REFERENCES [dbo].[USERS] ([USE_ID])
GO
ALTER TABLE [dbo].[EMPLOYEES]  WITH CHECK ADD FOREIGN KEY([EMP_USEID])
REFERENCES [dbo].[USERS] ([USE_ID])
GO
ALTER TABLE [dbo].[FACULTIES]  WITH CHECK ADD FOREIGN KEY([FAC_CREATEDBY])
REFERENCES [dbo].[USERS] ([USE_ID])
GO
ALTER TABLE [dbo].[FACULTIES]  WITH CHECK ADD FOREIGN KEY([FAC_MODIFIEDBY])
REFERENCES [dbo].[USERS] ([USE_ID])
GO
ALTER TABLE [dbo].[INFORMATIONS]  WITH CHECK ADD FOREIGN KEY([INF_CREATEDBY])
REFERENCES [dbo].[USERS] ([USE_ID])
GO
ALTER TABLE [dbo].[INFORMATIONS]  WITH CHECK ADD FOREIGN KEY([INF_INFID])
REFERENCES [dbo].[INFORMATIONS] ([INF_ID])
GO
ALTER TABLE [dbo].[INFORMATIONS]  WITH CHECK ADD FOREIGN KEY([INF_MODIFIEDBY])
REFERENCES [dbo].[USERS] ([USE_ID])
GO
ALTER TABLE [dbo].[LABS]  WITH CHECK ADD FOREIGN KEY([LAB_CREATEDBY])
REFERENCES [dbo].[USERS] ([USE_ID])
GO
ALTER TABLE [dbo].[LABS]  WITH CHECK ADD FOREIGN KEY([LAB_MODIFIEDBY])
REFERENCES [dbo].[USERS] ([USE_ID])
GO
ALTER TABLE [dbo].[LOGS]  WITH CHECK ADD FOREIGN KEY([LOG_ACTID])
REFERENCES [dbo].[ACTIONS] ([ACT_ID])
GO
ALTER TABLE [dbo].[LOGS]  WITH CHECK ADD FOREIGN KEY([LOG_TABID])
REFERENCES [dbo].[TABLES] ([TAB_ID])
GO
ALTER TABLE [dbo].[LOGS]  WITH CHECK ADD FOREIGN KEY([LOG_USEID])
REFERENCES [dbo].[USERS] ([USE_ID])
GO
ALTER TABLE [dbo].[NOFICATIONS]  WITH CHECK ADD FOREIGN KEY([NOF_CREATEDBY])
REFERENCES [dbo].[USERS] ([USE_ID])
GO
ALTER TABLE [dbo].[NOFICATIONS]  WITH CHECK ADD FOREIGN KEY([NOF_USEID])
REFERENCES [dbo].[USERS] ([USE_ID])
GO
ALTER TABLE [dbo].[OPTIONS]  WITH CHECK ADD FOREIGN KEY([OPT_CREATEDBY])
REFERENCES [dbo].[USERS] ([USE_ID])
GO
ALTER TABLE [dbo].[OPTIONS]  WITH CHECK ADD FOREIGN KEY([OPT_MODIFIEDBY])
REFERENCES [dbo].[USERS] ([USE_ID])
GO
ALTER TABLE [dbo].[OPTIONS]  WITH CHECK ADD FOREIGN KEY([OPT_QUEID])
REFERENCES [dbo].[QUESTIONS] ([QUE_ID])
GO
ALTER TABLE [dbo].[PARTS]  WITH CHECK ADD FOREIGN KEY([PAR_CREATEDBY])
REFERENCES [dbo].[USERS] ([USE_ID])
GO
ALTER TABLE [dbo].[PARTS]  WITH CHECK ADD FOREIGN KEY([PAR_MODIFIEDBY])
REFERENCES [dbo].[USERS] ([USE_ID])
GO
ALTER TABLE [dbo].[PARTS]  WITH CHECK ADD FOREIGN KEY([PAR_SUBID])
REFERENCES [dbo].[SUBJECTS] ([SUB_ID])
GO
ALTER TABLE [dbo].[PASSAGES]  WITH CHECK ADD FOREIGN KEY([PAS_ANTYID])
REFERENCES [dbo].[ANSWER_TYPES] ([ANTY_ID])
GO
ALTER TABLE [dbo].[PASSAGES]  WITH CHECK ADD FOREIGN KEY([PAS_CREATEDBY])
REFERENCES [dbo].[USERS] ([USE_ID])
GO
ALTER TABLE [dbo].[PASSAGES]  WITH CHECK ADD FOREIGN KEY([PAS_MODIFIEDBY])
REFERENCES [dbo].[USERS] ([USE_ID])
GO
ALTER TABLE [dbo].[PASSAGES]  WITH CHECK ADD FOREIGN KEY([PAS_PARID])
REFERENCES [dbo].[PARTS] ([PAR_ID])
GO
ALTER TABLE [dbo].[PERMISSIONS]  WITH CHECK ADD FOREIGN KEY([PER_CREATEDBY])
REFERENCES [dbo].[USERS] ([USE_ID])
GO
ALTER TABLE [dbo].[PERMISSIONS]  WITH CHECK ADD FOREIGN KEY([PER_MODIFIEDBY])
REFERENCES [dbo].[USERS] ([USE_ID])
GO
ALTER TABLE [dbo].[QUESTIONS]  WITH CHECK ADD FOREIGN KEY([QUE_ANTYID])
REFERENCES [dbo].[ANSWER_TYPES] ([ANTY_ID])
GO
ALTER TABLE [dbo].[QUESTIONS]  WITH CHECK ADD FOREIGN KEY([QUE_CREATEDBY])
REFERENCES [dbo].[USERS] ([USE_ID])
GO
ALTER TABLE [dbo].[QUESTIONS]  WITH CHECK ADD FOREIGN KEY([QUE_MODIFIEDBY])
REFERENCES [dbo].[USERS] ([USE_ID])
GO
ALTER TABLE [dbo].[QUESTIONS]  WITH CHECK ADD FOREIGN KEY([QUE_PARID])
REFERENCES [dbo].[PARTS] ([PAR_ID])
GO
ALTER TABLE [dbo].[QUESTIONS]  WITH CHECK ADD FOREIGN KEY([QUE_PASID])
REFERENCES [dbo].[PASSAGES] ([PAS_ID])
GO
ALTER TABLE [dbo].[ROLE_PERMISSIONS]  WITH CHECK ADD FOREIGN KEY([ROPE_ROLID])
REFERENCES [dbo].[ROLES] ([ROL_ID])
GO
ALTER TABLE [dbo].[ROLE_PERMISSIONS]  WITH CHECK ADD FOREIGN KEY([ROPE_PERID])
REFERENCES [dbo].[PERMISSIONS] ([PER_ID])
GO
ALTER TABLE [dbo].[ROLE_PERMISSIONS]  WITH CHECK ADD FOREIGN KEY([ROPE_CREATEDBY])
REFERENCES [dbo].[USERS] ([USE_ID])
GO
ALTER TABLE [dbo].[ROLE_PERMISSIONS]  WITH CHECK ADD FOREIGN KEY([ROPE_MODIFIEDBY])
REFERENCES [dbo].[USERS] ([USE_ID])
GO
ALTER TABLE [dbo].[ROLES]  WITH CHECK ADD FOREIGN KEY([ROL_ACTID])
REFERENCES [dbo].[ACTIONS] ([ACT_ID])
GO
ALTER TABLE [dbo].[ROLES]  WITH CHECK ADD FOREIGN KEY([ROL_PARENT])
REFERENCES [dbo].[ROLES] ([ROL_ID])
GO
ALTER TABLE [dbo].[ROLES]  WITH CHECK ADD FOREIGN KEY([ROL_ROTYID])
REFERENCES [dbo].[ROLE_TYPES] ([ROTY_ID])
GO
ALTER TABLE [dbo].[ROLES]  WITH CHECK ADD FOREIGN KEY([ROL_TABID])
REFERENCES [dbo].[TABLES] ([TAB_ID])
GO
ALTER TABLE [dbo].[SCHEDULE_TESTS]  WITH CHECK ADD FOREIGN KEY([SCTE_TESID])
REFERENCES [dbo].[TESTS] ([TES_ID])
GO
ALTER TABLE [dbo].[SCHEDULE_TESTS]  WITH CHECK ADD FOREIGN KEY([SCTE_SHIID])
REFERENCES [dbo].[TESTSHIFTS] ([SHI_ID])
GO
ALTER TABLE [dbo].[SCHEDULE_TESTS]  WITH CHECK ADD FOREIGN KEY([SCTE_LABID])
REFERENCES [dbo].[LABS] ([LAB_ID])
GO
ALTER TABLE [dbo].[SCHEDULE_TESTS]  WITH CHECK ADD FOREIGN KEY([SCTE_CREATEDBY])
REFERENCES [dbo].[USERS] ([USE_ID])
GO
ALTER TABLE [dbo].[SCHEDULE_TESTS]  WITH CHECK ADD FOREIGN KEY([SCTE_MODIFIEDBY])
REFERENCES [dbo].[USERS] ([USE_ID])
GO
ALTER TABLE [dbo].[SCHOOLYEARS]  WITH CHECK ADD FOREIGN KEY([SCYE_CREATEDBY])
REFERENCES [dbo].[USERS] ([USE_ID])
GO
ALTER TABLE [dbo].[SCHOOLYEARS]  WITH CHECK ADD FOREIGN KEY([SCYE_MODIFIEDBY])
REFERENCES [dbo].[USERS] ([USE_ID])
GO
ALTER TABLE [dbo].[SETTINGS]  WITH CHECK ADD FOREIGN KEY([SET_MODIFIEDBY])
REFERENCES [dbo].[USERS] ([USE_ID])
GO
ALTER TABLE [dbo].[SETTINGS]  WITH CHECK ADD FOREIGN KEY([SET_SETYID])
REFERENCES [dbo].[SETTING_TYPES] ([SETY_ID])
GO
ALTER TABLE [dbo].[STUDENT_TESTS]  WITH CHECK ADD FOREIGN KEY([STTE_SCTEID])
REFERENCES [dbo].[SCHEDULE_TESTS] ([SCTE_ID])
GO
ALTER TABLE [dbo].[STUDENT_TESTS]  WITH CHECK ADD FOREIGN KEY([STTE_STUID])
REFERENCES [dbo].[STUDENTS] ([STU_ID])
GO
ALTER TABLE [dbo].[STUDENTS]  WITH CHECK ADD FOREIGN KEY([STU_BRAID])
REFERENCES [dbo].[BRANCHES] ([BRA_ID])
GO
ALTER TABLE [dbo].[STUDENTS]  WITH CHECK ADD FOREIGN KEY([STU_CLAID])
REFERENCES [dbo].[CLASSES] ([CLA_ID])
GO
ALTER TABLE [dbo].[STUDENTS]  WITH CHECK ADD FOREIGN KEY([STU_CREATEDBY])
REFERENCES [dbo].[USERS] ([USE_ID])
GO
ALTER TABLE [dbo].[STUDENTS]  WITH CHECK ADD FOREIGN KEY([STU_MODIFIEDBY])
REFERENCES [dbo].[USERS] ([USE_ID])
GO
ALTER TABLE [dbo].[STUDENTS]  WITH CHECK ADD FOREIGN KEY([STU_SCYEID])
REFERENCES [dbo].[SCHOOLYEARS] ([SCYE_ID])
GO
ALTER TABLE [dbo].[STUDENTS]  WITH CHECK ADD FOREIGN KEY([STU_USEID])
REFERENCES [dbo].[USERS] ([USE_ID])
GO
ALTER TABLE [dbo].[SUBJECT_BRANCHES]  WITH CHECK ADD FOREIGN KEY([SUBR_SUBID])
REFERENCES [dbo].[SUBJECTS] ([SUB_ID])
GO
ALTER TABLE [dbo].[SUBJECT_BRANCHES]  WITH CHECK ADD FOREIGN KEY([SUBR_BRAID])
REFERENCES [dbo].[BRANCHES] ([BRA_ID])
GO
ALTER TABLE [dbo].[SUBJECT_BRANCHES]  WITH CHECK ADD FOREIGN KEY([SUBR_CREATEDBY])
REFERENCES [dbo].[USERS] ([USE_ID])
GO
ALTER TABLE [dbo].[SUBJECTS]  WITH CHECK ADD FOREIGN KEY([SUB_CREATEDBY])
REFERENCES [dbo].[USERS] ([USE_ID])
GO
ALTER TABLE [dbo].[SUBJECTS]  WITH CHECK ADD FOREIGN KEY([SUB_FACID])
REFERENCES [dbo].[FACULTIES] ([FAC_ID])
GO
ALTER TABLE [dbo].[SUBJECTS]  WITH CHECK ADD FOREIGN KEY([SUB_MODIFIEDBY])
REFERENCES [dbo].[USERS] ([USE_ID])
GO
ALTER TABLE [dbo].[TEST_DETAILS]  WITH CHECK ADD FOREIGN KEY([TEDE_TESID])
REFERENCES [dbo].[TESTS] ([TES_ID])
GO
ALTER TABLE [dbo].[TEST_DETAILS]  WITH CHECK ADD FOREIGN KEY([TEDE_QUEID])
REFERENCES [dbo].[QUESTIONS] ([QUE_ID])
GO
ALTER TABLE [dbo].[TEST_DETAILS]  WITH CHECK ADD FOREIGN KEY([TEDE_PASID])
REFERENCES [dbo].[PASSAGES] ([PAS_ID])
GO
ALTER TABLE [dbo].[TEST_DETAILS]  WITH CHECK ADD FOREIGN KEY([TEDE_CREATEDBY])
REFERENCES [dbo].[USERS] ([USE_ID])
GO
ALTER TABLE [dbo].[TEST_QUESTIONS]  WITH CHECK ADD FOREIGN KEY([TEQU_TESID])
REFERENCES [dbo].[TESTS] ([TES_ID])
GO
ALTER TABLE [dbo].[TEST_QUESTIONS]  WITH CHECK ADD FOREIGN KEY([TEQU_QUEID])
REFERENCES [dbo].[QUESTIONS] ([QUE_ID])
GO
ALTER TABLE [dbo].[TEST_QUESTIONS]  WITH CHECK ADD FOREIGN KEY([TEQU_PASID])
REFERENCES [dbo].[PASSAGES] ([PAS_ID])
GO
ALTER TABLE [dbo].[TEST_QUESTIONS]  WITH CHECK ADD FOREIGN KEY([TEQU_CREATEDBY])
REFERENCES [dbo].[USERS] ([USE_ID])
GO
ALTER TABLE [dbo].[TEST_TYPES]  WITH CHECK ADD FOREIGN KEY([TETY_CREATEDBY])
REFERENCES [dbo].[USERS] ([USE_ID])
GO
ALTER TABLE [dbo].[TEST_TYPES]  WITH CHECK ADD FOREIGN KEY([TETY_MODIFIEDBY])
REFERENCES [dbo].[USERS] ([USE_ID])
GO
ALTER TABLE [dbo].[TESTING_FORMATS]  WITH CHECK ADD FOREIGN KEY([TESF_TESID])
REFERENCES [dbo].[TESTS] ([TES_ID])
GO
ALTER TABLE [dbo].[TESTS]  WITH CHECK ADD FOREIGN KEY([TES_ACCEPTEDBY])
REFERENCES [dbo].[USERS] ([USE_ID])
GO
ALTER TABLE [dbo].[TESTS]  WITH CHECK ADD FOREIGN KEY([TES_CREATEDBY])
REFERENCES [dbo].[USERS] ([USE_ID])
GO
ALTER TABLE [dbo].[TESTS]  WITH CHECK ADD FOREIGN KEY([TES_MODIFIEDBY])
REFERENCES [dbo].[USERS] ([USE_ID])
GO
ALTER TABLE [dbo].[TESTS]  WITH CHECK ADD FOREIGN KEY([TES_SUBID])
REFERENCES [dbo].[SUBJECTS] ([SUB_ID])
GO
ALTER TABLE [dbo].[TESTS]  WITH CHECK ADD FOREIGN KEY([TES_TETYID])
REFERENCES [dbo].[TEST_TYPES] ([TETY_ID])
GO
ALTER TABLE [dbo].[TESTSHIFTS]  WITH CHECK ADD FOREIGN KEY([SHI_CREATEDBY])
REFERENCES [dbo].[USERS] ([USE_ID])
GO
ALTER TABLE [dbo].[TESTSHIFTS]  WITH CHECK ADD FOREIGN KEY([SHI_MODIFIEDBY])
REFERENCES [dbo].[USERS] ([USE_ID])
GO
ALTER TABLE [dbo].[USER_PERMISSIONS]  WITH CHECK ADD FOREIGN KEY([USPE_USEID])
REFERENCES [dbo].[USERS] ([USE_ID])
GO
ALTER TABLE [dbo].[USER_PERMISSIONS]  WITH CHECK ADD FOREIGN KEY([USPE_PERID])
REFERENCES [dbo].[PERMISSIONS] ([PER_ID])
GO
ALTER TABLE [dbo].[USER_PERMISSIONS]  WITH CHECK ADD FOREIGN KEY([USPE_CREATEDBY])
REFERENCES [dbo].[USERS] ([USE_ID])
GO
ALTER TABLE [dbo].[USER_PERMISSIONS]  WITH CHECK ADD FOREIGN KEY([USPE_MODIFIEDBY])
REFERENCES [dbo].[USERS] ([USE_ID])
GO
ALTER TABLE [dbo].[USERS]  WITH CHECK ADD FOREIGN KEY([USE_CREATEDBY])
REFERENCES [dbo].[USERS] ([USE_ID])
GO
ALTER TABLE [dbo].[USERS]  WITH CHECK ADD FOREIGN KEY([USE_MODIFIEDBY])
REFERENCES [dbo].[USERS] ([USE_ID])
GO
